Country Name,Year,Control of Corruption: Estimate,Government Effectiveness: Estimate,Political Stability and Absence of Violence/Terrorism: Estimate,Regulatory Quality: Estimate,Rule of Law: Estimate,Voice and Accountability: Estimate
Angola,1996,-1.167702,-0.85994,-2.057286,-1.415345,-1.630469,-1.578164
Angola,1998,-1.405836,-1.341783,-2.313072,-1.689659,-1.700753,-1.411879
Angola,2000,-1.522685,-1.46231,-2.035583,-1.799331,-1.663307,-1.458065
Angola,2002,-1.183629,-1.238857,-1.577046,-1.46316,-1.617329,-1.238779
Angola,2003,-1.320665,-1.156531,-1.006538,-1.212144,-1.52141,-1.272615
Angola,2004,-1.313559,-1.314578,-1.062798,-1.251539,-1.496279,-1.28548
Angola,2005,-1.296139,-1.137153,-0.8875439,-1.257796,-1.427661,-1.234719
Angola,2006,-1.220061,-1.369493,-0.541986,-1.132907,-1.300314,-1.252088
Angola,2007,-1.289693,-1.206412,-0.6660322,-1.02466,-1.365904,-1.185314
Angola,2008,-1.284621,-1.062213,-0.3629115,-1.065344,-1.366982,-1.119347
Angola,2009,-1.404655,-0.9603533,-0.3472624,-1.031473,-1.230835,-1.126125
Angola,2010,-1.32573,-1.117896,-0.2261823,-1.035929,-1.265287,-1.120539
Angola,2011,-1.344287,-1.153556,-0.3692378,-1.097776,-1.265381,-1.125478
Angola,2012,-1.268587,-0.9896317,-0.3893225,-0.9697781,-1.269548,-1.076247
Angola,2013,-1.3097,-1.223171,-0.3912335,-1.054224,-1.267904,-1.113843
Angola,2014,-1.44389,-1.123669,-0.333232,-0.9884589,-1.118136,-1.145494
Angola,2015,-1.394778,-1.000103,-0.5008978,-0.9091855,-1.081932,-1.177251
Angola,2016,-1.439703,-1.035903,-0.3158988,-1.00138,-1.08732,-1.142933
Angola,2017,-1.412488,-1.025313,-0.3316221,-1.044177,-1.10426,-1.09879
Angola,2018,-1.144541,-1.052086,-0.3190349,-0.999813,-1.048023,-0.9195936
Australia,1996,1.877356,1.800565,1.396474,1.367597,1.713399,1.440203
Australia,1998,1.849893,1.682469,1.06588,1.491512,1.800362,1.407491
Australia,2000,1.923246,1.810187,1.334552,1.637249,1.751407,1.471305
Australia,2002,1.809628,1.718943,1.192911,1.467519,1.79999,1.407233
Australia,2003,1.949854,1.837643,0.8788021,1.607837,1.882049,1.442128
Australia,2004,2.028761,2.006778,0.9365029,1.721607,1.815572,1.501542
Australia,2005,1.952358,1.751213,0.8935112,1.600643,1.724451,1.507056
Australia,2006,1.960568,1.711956,0.9351878,1.623903,1.77004,1.382795
Australia,2007,2.010918,1.825559,0.9287898,1.683095,1.761237,1.3692
Australia,2008,2.042482,1.79397,0.9556448,1.765919,1.770851,1.368076
Australia,2009,2.051661,1.705787,0.855689,1.819984,1.740398,1.383792
Australia,2010,2.031455,1.768756,0.8888599,1.698415,1.764966,1.419766
Australia,2011,2.044637,1.69595,0.9357101,1.858609,1.74258,1.453721
Australia,2012,1.985774,1.62144,0.9979972,1.786468,1.766946,1.49919
Australia,2013,1.785322,1.639869,1.031073,1.800868,1.778639,1.436414
Australia,2014,1.853449,1.607115,1.032192,1.863708,1.923105,1.361716
Australia,2015,1.882113,1.564534,0.8849798,1.788684,1.825212,1.355591
Australia,2016,1.816115,1.568509,1.047958,1.896966,1.755521,1.351012
Australia,2017,1.79505,1.535514,0.8900895,1.930234,1.681837,1.384023
Australia,2018,1.806201,1.596495,0.9765741,1.929283,1.715279,1.428148
Austria,1996,1.732164,1.73165,1.410498,1.658712,1.808153,1.44895
Austria,1998,1.851166,1.87274,1.111129,1.403709,1.847457,1.354779
Austria,2000,1.809211,1.929282,0.8238267,1.534618,1.842372,1.317559
Austria,2002,1.966434,1.942698,1.362206,1.58584,1.891656,1.307497
Austria,2003,2.019736,1.995846,0.9633993,1.569717,1.887247,1.343882
Austria,2004,2.049625,1.865303,1.090582,1.524203,1.836986,1.475651
Austria,2005,1.92206,1.684595,1.105386,1.606079,1.859191,1.378657
Austria,2006,1.914531,1.831036,1.075933,1.644535,1.913557,1.372685
Austria,2007,2.013397,1.870187,1.283752,1.690031,1.960128,1.369262
Austria,2008,1.843035,1.78084,1.339206,1.606344,1.922995,1.358464
Austria,2009,1.703025,1.66658,1.190602,1.452587,1.78489,1.392846
Austria,2010,1.585462,1.841763,1.152648,1.452815,1.8003,1.430291
Austria,2011,1.431896,1.617761,1.193522,1.382634,1.801555,1.402444
Austria,2012,1.389731,1.575873,1.340567,1.524189,1.858179,1.448773
Austria,2013,1.550795,1.588477,1.364101,1.490679,1.851382,1.456567
Austria,2014,1.474735,1.572586,1.2707,1.48773,1.952464,1.391321
Austria,2015,1.519276,1.479127,1.143079,1.403266,1.855247,1.383533
Austria,2016,1.548537,1.511905,0.9096388,1.440436,1.814967,1.337417
Austria,2017,1.526011,1.461261,1.046604,1.437395,1.812473,1.342785
Austria,2018,1.596262,1.453342,0.9175232,1.544717,1.875834,1.380672
Belgium,1996,1.359654,1.711544,1.288753,1.214232,1.366947,1.4333
Belgium,1998,1.355769,1.83851,1.024162,1.054902,1.254698,1.342847
Belgium,2000,1.496779,1.734676,1.130377,1.204084,1.340115,1.366504
Belgium,2002,1.499904,1.97801,1.264333,1.298516,1.374162,1.377452
Belgium,2003,1.419816,1.933774,0.8596703,1.314252,1.365136,1.47829
Belgium,2004,1.379904,1.875864,0.7101418,1.356272,1.328163,1.440266
Belgium,2005,1.385844,1.711561,0.7958109,1.272992,1.268298,1.420762
Belgium,2006,1.309614,1.747101,0.8576542,1.330316,1.23609,1.342394
Belgium,2007,1.355735,1.60886,0.7574292,1.419906,1.330672,1.360771
Belgium,2008,1.37489,1.389756,0.6212433,1.40555,1.345495,1.324988
Belgium,2009,1.460206,1.571342,0.819909,1.312602,1.384073,1.346693
Belgium,2010,1.527498,1.575026,0.8106462,1.28502,1.393128,1.360687
Belgium,2011,1.575072,1.656356,0.9545354,1.241629,1.418426,1.325163
Belgium,2012,1.608068,1.602476,0.9235997,1.22858,1.427129,1.349422
Belgium,2013,1.673882,1.607339,0.9400827,1.291454,1.438435,1.373046
Belgium,2014,1.573292,1.381594,0.7012694,1.157765,1.523439,1.366339
Belgium,2015,1.573307,1.438441,0.5870946,1.287759,1.463494,1.38744
Belgium,2016,1.638705,1.326213,0.4413673,1.340684,1.390965,1.376962
Belgium,2017,1.497117,1.181693,0.4280707,1.24425,1.343427,1.384985
Belgium,2018,1.510279,1.171748,0.412356,1.233861,1.3679,1.397253
Botswana,1996,0.8179612,0.556377,1.014612,0.6507294,0.5845211,0.862501
Botswana,1998,0.8894243,0.5215724,0.9554794,0.6752,0.6780506,0.7493415
Botswana,2000,0.8311869,0.5258102,1.072953,0.6290287,0.5947238,0.674277
Botswana,2002,0.6551785,0.6065881,0.87367,0.7811234,0.5702705,0.6668932
Botswana,2003,1.216737,0.7258958,1.105562,0.7945626,0.7305223,0.706077
Botswana,2004,0.8981798,0.6100825,0.9161835,0.6598923,0.6527846,0.7358699
Botswana,2005,1.159934,0.6495795,1.063448,0.6679586,0.639999,0.5946077
Botswana,2006,0.9729323,0.5078346,1.016433,0.5266036,0.6225433,0.5131001
Botswana,2007,1.003517,0.6010549,1.055395,0.4639552,0.6498755,0.5079036
Botswana,2008,1.039068,0.5673319,1.032002,0.4948993,0.6959755,0.5135046
Botswana,2009,0.9599887,0.4725233,0.9527901,0.4851633,0.6662246,0.4370995
Botswana,2010,1.026902,0.4473519,0.9912098,0.4557317,0.674656,0.4555333
Botswana,2011,0.995537,0.4605835,1.064447,0.4938449,0.6676847,0.4259841
Botswana,2012,0.9336604,0.4822128,1.104041,0.6109335,0.6624952,0.5329697
Botswana,2013,0.9236256,0.4141677,1.102347,0.5811184,0.5960982,0.4893672
Botswana,2014,0.8543755,0.3524033,1.011847,0.5850612,0.6336159,0.4354172
Botswana,2015,0.852122,0.5019405,1.042092,0.4388786,0.5961598,0.4403414
Botswana,2016,0.9298862,0.5298322,0.99456,0.5284874,0.5337256,0.3943017
Botswana,2017,0.7951009,0.4369733,1.022285,0.464532,0.519359,0.3875788
Botswana,2018,0.7505108,0.3334411,0.9791562,0.454911,0.4664786,0.4747402
Burkina Faso,1996,0.1115191,-0.9289404,-0.3016128,-0.2952701,-0.9332216,-0.5334398
Burkina Faso,1998,-0.1027296,-0.7061151,-0.1111273,-0.3656994,-0.7473958,-0.3961953
Burkina Faso,2000,-0.0711843,-0.5765679,0.0592494,-0.1165311,-0.6203501,-0.2301548
Burkina Faso,2002,0.0072457,-0.6777477,-0.3088655,-0.1145192,-0.6517585,-0.3878166
Burkina Faso,2003,-0.011932,-0.5573869,0.0668725,-0.3026677,-0.5402954,-0.3097244
Burkina Faso,2004,-0.1356784,-0.5146186,-0.0823012,-0.3306739,-0.5669359,-0.4337088
Burkina Faso,2005,-0.1257476,-0.5787717,-0.0648551,-0.4010216,-0.5200291,-0.4465201
Burkina Faso,2006,-0.3099104,-0.762337,0.1561723,-0.3436106,-0.4310352,-0.3418339
Burkina Faso,2007,-0.3318754,-0.7534196,0.3076967,-0.2646435,-0.3993784,-0.3070092
Burkina Faso,2008,-0.3048229,-0.4897978,0.120163,-0.1939826,-0.3448814,-0.2834808
Burkina Faso,2009,-0.3353375,-0.5855719,0.0349414,-0.1119205,-0.2071238,-0.2897423
Burkina Faso,2010,-0.3506111,-0.5688464,-0.1176371,-0.156401,-0.1944903,-0.2529503
Burkina Faso,2011,-0.3678603,-0.559046,-0.5553815,-0.179535,-0.3589491,-0.2801855
Burkina Faso,2012,-0.4788863,-0.623989,-0.5731292,-0.1188603,-0.4367974,-0.3049708
Burkina Faso,2013,-0.5230929,-0.6608419,-0.7633901,-0.1749993,-0.5304499,-0.255426
Burkina Faso,2014,-0.4648376,-0.5788296,-0.7871286,-0.3089368,-0.5472528,-0.3518519
Burkina Faso,2015,-0.277338,-0.6194581,-0.6111074,-0.3713624,-0.5233565,-0.1143442
Burkina Faso,2016,-0.1480786,-0.5641686,-0.8673759,-0.3973829,-0.4412792,0.0133565
Burkina Faso,2017,-0.113755,-0.5799432,-0.926845,-0.4435385,-0.3984754,0.064641
Burkina Faso,2018,-0.112395,-0.5783429,-1.040907,-0.3863249,-0.4455683,-0.0432251
Burundi,1996,-0.6806349,-1.662423,-2.113897,-1.641465,-1.41612,-1.549572
Burundi,1998,-0.7793186,-1.581981,-2.293345,-1.544064,-1.226023,-1.442878
Burundi,2000,-0.8042153,-1.384127,-2.015159,-1.172062,-1.354132,-1.489836
Burundi,2002,-0.8229926,-1.401429,-2.28824,-1.263124,-1.247862,-1.164891
Burundi,2003,-0.8953395,-1.394841,-2.244527,-1.172414,-1.397837,-1.177996
Burundi,2004,-0.8922578,-1.307576,-2.523785,-1.196419,-1.53741,-1.281001
Burundi,2005,-0.9300242,-1.249581,-1.524742,-1.364591,-1.153885,-0.6342345
Burundi,2006,-1.095598,-1.103347,-1.427005,-1.202598,-0.9704405,-0.7231436
Burundi,2007,-1.160764,-1.26863,-1.375335,-1.244897,-1.064636,-0.7140452
Burundi,2008,-1.090768,-1.127049,-1.638164,-1.243566,-1.023133,-0.6852906
Burundi,2009,-1.129477,-1.04617,-1.272694,-1.155625,-1.147297,-0.6894393
Burundi,2010,-1.165457,-1.100945,-1.625959,-1.115116,-1.195465,-0.9426936
Burundi,2011,-1.187131,-1.063229,-1.8072,-1.012377,-1.13863,-0.9276319
Burundi,2012,-1.452943,-1.320103,-1.704738,-0.9454027,-1.083531,-0.8945184
Burundi,2013,-1.409685,-1.064957,-1.350278,-0.8779285,-1.069999,-0.9530513
Burundi,2014,-1.258653,-1.129147,-0.7844071,-0.7070148,-0.9660203,-1.041284
Burundi,2015,-1.25752,-1.184265,-1.939511,-0.7104732,-1.167582,-1.272207
Burundi,2016,-1.245702,-1.441686,-1.970721,-0.8252589,-1.460237,-1.549649
Burundi,2017,-1.283875,-1.341107,-2.00754,-0.8360441,-1.395592,-1.568257
Burundi,2018,-1.450633,-1.419982,-1.597951,-0.982583,-1.496611,-1.651565
Cameroon,1996,-1.334985,-1.080203,-0.9568256,-1.122349,-1.441895,-0.9386249
Cameroon,1998,-1.220239,-0.8050205,-0.782408,-0.6186677,-1.071155,-1.063615
Cameroon,2000,-1.192397,-0.7503956,-0.5628282,-0.5900958,-1.198869,-1.060407
Cameroon,2002,-1.1672,-0.8495601,-0.6773421,-0.8739079,-1.23003,-1.097049
Cameroon,2003,-0.9788169,-0.7047145,-0.4298094,-0.839056,-1.076435,-1.060006
Cameroon,2004,-1.108283,-0.6965621,-0.3603891,-0.6915929,-1.185956,-0.9741912
Cameroon,2005,-1.181337,-0.9095589,-0.183143,-0.9296345,-1.207887,-1.034067
Cameroon,2006,-1.086014,-0.9493961,-0.2452714,-0.8483388,-1.154537,-1.023898
Cameroon,2007,-1.020625,-0.841257,-0.3250326,-0.8477936,-1.184693,-1.049566
Cameroon,2008,-1.022167,-0.8058205,-0.5508961,-0.8271499,-1.099858,-1.067796
Cameroon,2009,-1.003626,-0.8375226,-0.4744701,-0.7615821,-1.123142,-1.040357
Cameroon,2010,-1.061047,-0.8900719,-0.7369714,-0.7441876,-1.07124,-1.058277
Cameroon,2011,-1.145449,-0.8900592,-0.661688,-0.8069494,-1.074481,-1.033121
Cameroon,2012,-1.261325,-0.8980061,-0.5885174,-0.9286842,-1.041518,-1.021581
Cameroon,2013,-1.205251,-0.918752,-0.5322373,-0.9374695,-1.050953,-1.036896
Cameroon,2014,-1.164004,-0.7910342,-1.059252,-0.8845948,-0.8964483,-0.9443417
Cameroon,2015,-1.074493,-0.7805845,-0.9896075,-0.9170986,-0.975968,-0.9540802
Cameroon,2016,-1.154442,-0.7638641,-1.062137,-0.7898978,-1.036001,-1.03297
Cameroon,2017,-1.199323,-0.813673,-1.09568,-0.8227918,-1.031634,-1.052105
Cameroon,2018,-1.149748,-0.7996525,-1.37598,-0.7993764,-1.079662,-1.104003
Canada,1996,2.031408,1.742364,1.233704,1.488291,1.647255,1.566336
Canada,1998,2.090466,1.94848,0.9504581,1.598478,1.758006,1.551413
Canada,2000,2.115544,1.931158,1.168466,1.523343,1.694389,1.531965
Canada,2002,2.034852,1.923086,1.221569,1.58165,1.693409,1.499054
Canada,2003,1.986542,1.990027,1.054091,1.557192,1.734842,1.547557
Canada,2004,1.827714,1.922352,0.8768354,1.62667,1.706601,1.668455
Canada,2005,1.879261,1.887422,0.8296181,1.566931,1.661659,1.506879
Canada,2006,1.962554,1.895545,1.035533,1.55885,1.814535,1.415595
Canada,2007,2.0009,1.761394,1.006867,1.605411,1.814706,1.384672
Canada,2008,2.002689,1.791681,1.04185,1.650838,1.80829,1.407529
Canada,2009,2.061789,1.74589,1.126739,1.699475,1.804082,1.401846
Canada,2010,2.069799,1.783194,0.9363182,1.695867,1.805715,1.352596
Canada,2011,1.977883,1.778378,1.077176,1.691034,1.736531,1.380145
Canada,2012,1.927136,1.765713,1.113016,1.714616,1.763582,1.437505
Canada,2013,1.886833,1.788732,1.061422,1.739304,1.755976,1.453487
Canada,2014,1.836426,1.760523,1.175504,1.845022,1.890682,1.41236
Canada,2015,1.886581,1.762081,1.274698,1.717661,1.84206,1.467126
Canada,2016,1.989901,1.781461,1.256059,1.73882,1.841111,1.447941
Canada,2017,1.924258,1.85416,1.101824,1.886527,1.801197,1.480335
Canada,2018,1.873514,1.716108,0.9911886,1.665293,1.770795,1.520857
Chile,1996,1.454119,1.337977,0.6783237,1.54276,1.113738,0.7227606
Chile,1998,1.380602,1.195396,0.0352888,1.392356,1.178179,0.6190437
Chile,2000,1.586007,1.122833,0.4869662,1.410081,1.322716,0.888869
Chile,2002,1.592268,1.147711,1.091703,1.44762,1.355726,1.087187
Chile,2003,1.311239,1.224551,0.7632741,1.459134,1.289519,1.05612
Chile,2004,1.373608,1.190407,0.6921353,1.402693,1.321666,1.225285
Chile,2005,1.470515,1.23629,0.8446506,1.357459,1.304793,1.292521
Chile,2006,1.457343,1.034509,0.6141229,1.473752,1.271957,1.082345
Chile,2007,1.396431,1.275488,0.4071552,1.505748,1.28842,1.104882
Chile,2008,1.376727,1.168234,0.4331903,1.518668,1.313308,1.013508
Chile,2009,1.380127,1.247791,0.6032314,1.462517,1.296515,1.016847
Chile,2010,1.497289,1.27253,0.6796045,1.438484,1.33554,1.095609
Chile,2011,1.528443,1.247598,0.4525534,1.459092,1.365901,1.073909
Chile,2012,1.582224,1.264068,0.3311021,1.538509,1.391888,1.076945
Chile,2013,1.541565,1.264524,0.3637425,1.491449,1.367829,1.106285
Chile,2014,1.488503,1.161332,0.4475169,1.494421,1.43314,1.055915
Chile,2015,1.27997,1.086102,0.4334392,1.345232,1.344083,1.004488
Chile,2016,1.140054,1.010753,0.4131105,1.373064,1.129269,0.9951399
Chile,2017,1.039291,0.8435157,0.4170224,1.335125,1.011737,0.9987726
Chile,2018,1.012118,1.084034,0.4252459,1.343512,1.115472,1.054925
China,1996,-0.2711895,-0.3486539,-0.0959571,-0.2666527,-0.54559,-1.361545
China,1998,-0.268112,-0.1199823,-0.3913941,-0.3013043,-0.4570543,-1.437438
China,2000,-0.2182887,-0.108963,-0.208934,-0.3392896,-0.5271608,-1.384081
China,2002,-0.5182464,-0.0602706,-0.3270945,-0.513172,-0.4977296,-1.594193
China,2003,-0.359454,-0.0820877,-0.5636662,-0.3333692,-0.5298271,-1.512429
China,2004,-0.5596942,-0.0552381,-0.3901919,-0.3086975,-0.5293402,-1.462464
China,2005,-0.6087338,-0.1199866,-0.501789,-0.1500192,-0.5890847,-1.500785
China,2006,-0.5145814,0.0704749,-0.5397638,-0.2011652,-0.6394754,-1.74897
China,2007,-0.5896475,0.1827777,-0.4988205,-0.1715566,-0.5422143,-1.72125
China,2008,-0.5202951,0.150768,-0.491275,-0.1547905,-0.4197974,-1.699497
China,2009,-0.5149382,0.0938044,-0.4493464,-0.2238316,-0.4070508,-1.701171
China,2010,-0.5616429,0.0886487,-0.6570607,-0.234011,-0.409916,-1.680548
China,2011,-0.5071135,0.0882015,-0.6020548,-0.2214281,-0.4648362,-1.637609
China,2012,-0.4357008,0.0234259,-0.5387821,-0.2408196,-0.5428899,-1.637941
China,2013,-0.3583522,0.0036481,-0.5437899,-0.2879804,-0.5245902,-1.631409
China,2014,-0.3400691,0.3228883,-0.522584,-0.2829926,-0.4144774,-1.616668
China,2015,-0.2821073,0.4078639,-0.5502946,-0.2894387,-0.4097969,-1.660777
China,2016,-0.2540594,0.3548748,-0.499395,-0.2644748,-0.3344146,-1.561287
China,2017,-0.2699364,0.4204699,-0.2310128,-0.1476175,-0.2629562,-1.504779
China,2018,-0.2712442,0.4771284,-0.2610621,-0.1350215,-0.2015748,-1.449377
Colombia,1996,-0.5122544,-0.4586289,-1.641695,-0.1054877,-0.7518378,-0.5109423
Colombia,1998,-0.4973065,-0.2344777,-1.788261,0.0022869,-0.6365505,-0.3441894
Colombia,2000,-0.396754,-0.321533,-1.603681,0.1026202,-0.8896748,-0.438141
Colombia,2002,-0.2381676,-0.41275,-1.950178,0.0282163,-0.7168011,-0.4163575
Colombia,2003,-0.1789923,-0.1526648,-2.374467,-0.0879301,-0.7032688,-0.4292425
Colombia,2004,-0.12893,-0.1821401,-2.269416,-0.0465544,-0.6855181,-0.3187851
Colombia,2005,-0.1322573,-0.1780718,-2.056107,0.0079865,-0.6232535,-0.3225214
Colombia,2006,-0.122551,-0.1666891,-1.901591,0.1017461,-0.5051838,-0.1727367
Colombia,2007,-0.2159635,-0.0468053,-1.80328,0.2413717,-0.4358616,-0.1653216
Colombia,2008,-0.2376168,-0.0287408,-1.850909,0.2619745,-0.3967666,-0.1659226
Colombia,2009,-0.309453,-0.2459242,-1.831908,0.1482843,-0.3884734,-0.1496109
Colombia,2010,-0.385391,-0.0592384,-1.537185,0.2534749,-0.3085898,-0.1323792
Colombia,2011,-0.2887937,0.0388793,-1.284656,0.3592378,-0.2558286,-0.0597142
Colombia,2012,-0.3874514,0.022952,-1.40181,0.4006766,-0.353872,-0.0639913
Colombia,2013,-0.405205,0.0713581,-1.291972,0.4028929,-0.4058876,-0.0812788
Colombia,2014,-0.3686264,-0.1005563,-1.114594,0.4962346,-0.2919019,-0.0433162
Colombia,2015,-0.2981746,-0.0361266,-1.069147,0.4654272,-0.2684166,0.0039272
Colombia,2016,-0.3242517,0.0154443,-0.8824593,0.4020093,-0.2787975,0.1207723
Colombia,2017,-0.3700208,-0.0738818,-0.7726035,0.3409346,-0.3600142,0.1109427
Colombia,2018,-0.3014929,-0.0852262,-0.8133885,0.3277881,-0.4078089,0.1913842
"Congo, Rep.",1996,-0.8607403,-1.169293,-1.222377,-1.227481,-1.04381,-0.8272534
"Congo, Rep.",1998,-1.270732,-1.129876,-1.497252,-1.159651,-1.649973,-1.465102
"Congo, Rep.",2000,-1.121848,-1.264704,-0.9203737,-1.205544,-1.416019,-1.430073
"Congo, Rep.",2002,-0.9945744,-1.254409,-1.584951,-1.018046,-1.248263,-0.9131097
"Congo, Rep.",2003,-1.010288,-1.23332,-1.168669,-1.066752,-1.173443,-0.827222
"Congo, Rep.",2004,-0.9279816,-1.086062,-1.189876,-0.971538,-1.187755,-0.9641009
"Congo, Rep.",2005,-1.044834,-1.270692,-1.166832,-1.314487,-1.472559,-1.07914
"Congo, Rep.",2006,-1.10221,-1.256063,-0.9244087,-1.212756,-1.267088,-1.208369
"Congo, Rep.",2007,-1.146641,-1.322266,-0.77008,-1.203904,-1.235258,-1.233997
"Congo, Rep.",2008,-1.175675,-1.220554,-0.7200658,-1.267693,-1.195394,-1.155456
"Congo, Rep.",2009,-1.19568,-1.226726,-0.2495118,-1.287886,-1.218485,-1.104503
"Congo, Rep.",2010,-1.146635,-1.227733,-0.3164158,-1.27373,-1.219576,-1.062742
"Congo, Rep.",2011,-1.11917,-1.195285,-0.3543004,-1.26487,-1.203139,-1.107998
"Congo, Rep.",2012,-1.211273,-1.173946,-0.4896899,-1.359338,-1.143013,-1.155133
"Congo, Rep.",2013,-1.153927,-1.155924,-0.4750501,-1.333404,-1.11283,-1.11778
"Congo, Rep.",2014,-1.178787,-1.11031,-0.3592916,-1.214696,-1.108604,-1.108313
"Congo, Rep.",2015,-1.196039,-1.022191,-0.526366,-1.195739,-1.078537,-1.016877
"Congo, Rep.",2016,-1.186978,-1.096795,-0.5192695,-1.165628,-1.095594,-1.157612
"Congo, Rep.",2017,-1.33061,-1.198483,-0.5316639,-1.329811,-1.103761,-1.121758
"Congo, Rep.",2018,-1.358807,-1.217236,-0.4428181,-1.362082,-1.101223,-1.181061
Cote d'Ivoire,1996,-0.2605668,-0.2609782,0.0348387,-0.398577,-0.7854351,-0.5832255
Cote d'Ivoire,1998,-0.4692587,-0.2291867,-0.2023249,-0.2218269,-0.8797795,-0.6386772
Cote d'Ivoire,2000,-0.6848614,-0.8187943,-1.244039,-0.5123319,-1.177384,-0.9324062
Cote d'Ivoire,2002,-0.7691969,-0.8806713,-1.918558,-0.4201515,-1.295482,-1.067058
Cote d'Ivoire,2003,-0.9799138,-0.9832975,-1.803033,-0.7841697,-1.370619,-1.154528
Cote d'Ivoire,2004,-1.206059,-1.255008,-2.116911,-0.9582267,-1.372084,-1.219649
Cote d'Ivoire,2005,-1.240558,-1.323396,-2.264047,-0.8962979,-1.479573,-1.294619
Cote d'Ivoire,2006,-1.198453,-1.163073,-1.865294,-0.9197752,-1.449099,-1.278678
Cote d'Ivoire,2007,-1.091263,-1.209597,-1.838058,-0.8458249,-1.455051,-1.20209
Cote d'Ivoire,2008,-1.107821,-1.243004,-1.806674,-0.9032416,-1.421531,-1.16756
Cote d'Ivoire,2009,-1.104134,-1.108912,-1.320874,-0.9707215,-1.234531,-1.06438
Cote d'Ivoire,2010,-1.157896,-1.285643,-1.583894,-0.9260469,-1.21725,-1.048398
Cote d'Ivoire,2011,-1.012901,-1.155031,-1.405808,-0.8695123,-1.269172,-1.081877
Cote d'Ivoire,2012,-0.8303831,-1.098414,-1.263461,-0.764886,-1.079259,-0.77775
Cote d'Ivoire,2013,-0.7355494,-0.9257876,-1.048724,-0.7363843,-0.9050444,-0.7511911
Cote d'Ivoire,2014,-0.4191529,-0.833844,-1.037161,-0.5945303,-0.5914158,-0.5076874
Cote d'Ivoire,2015,-0.4349297,-0.6855241,-0.8325459,-0.504151,-0.6297165,-0.4072846
Cote d'Ivoire,2016,-0.5300656,-0.6731305,-0.9075593,-0.3648906,-0.6445513,-0.2977152
Cote d'Ivoire,2017,-0.5253296,-0.7580353,-1.090075,-0.3618664,-0.6302257,-0.2701313
Cote d'Ivoire,2018,-0.4990963,-0.5705186,-0.9311823,-0.1907277,-0.5795925,-0.2161922
Czech Republic,1996,0.6832194,0.620583,1.147579,1.071839,0.9153227,1.034856
Czech Republic,1998,0.565005,0.6289971,0.8996416,0.9551734,0.9228488,0.9679623
Czech Republic,2000,0.2109772,0.649403,0.3320503,0.7561927,0.6365668,0.7627751
Czech Republic,2002,0.3797226,0.968913,1.045758,1.200828,0.864072,1.016404
Czech Republic,2003,0.5074309,0.8982299,0.88686,1.199913,0.8710438,1.014175
Czech Republic,2004,0.4357043,0.864375,0.6541505,1.069213,0.7831998,0.9544613
Czech Republic,2005,0.4873076,0.9252368,0.9360713,1.110906,0.8675278,0.9056726
Czech Republic,2006,0.3565845,1.09646,1.053972,1.108626,0.8726435,0.9622927
Czech Republic,2007,0.3026025,0.8953341,1.015041,1.023206,0.9059033,0.9952838
Czech Republic,2008,0.358294,1.013642,1.049845,1.15504,0.914494,1.032759
Czech Republic,2009,0.3862098,0.8832404,0.9050642,1.311661,0.9625925,1.033045
Czech Republic,2010,0.3316386,0.9052177,0.9892337,1.299505,0.9494792,1.014818
Czech Republic,2011,0.3417933,0.9309797,1.109118,1.201138,1.036918,1.022664
Czech Republic,2012,0.2722682,0.9289219,1.054106,1.05909,1.041853,0.9703797
Czech Republic,2013,0.228799,0.89182,1.084779,1.085486,1.039771,0.9845335
Czech Republic,2014,0.3677951,1.017593,0.9899905,1.005961,1.152181,1.026667
Czech Republic,2015,0.4337359,1.046509,0.9791891,1.098858,1.148088,1.042761
Czech Republic,2016,0.5367572,1.036739,0.9761155,0.986401,1.035502,1.024769
Czech Republic,2017,0.567677,1.005325,0.9998168,1.232614,1.116695,0.9715869
Czech Republic,2018,0.5037321,0.9222081,1.040143,1.261501,1.04966,0.930312
Denmark,1996,2.231308,1.759048,1.442068,1.783265,1.820809,1.538972
Denmark,1998,2.256008,1.982808,1.431465,1.777702,1.881882,1.467341
Denmark,2000,2.39476,1.980277,1.50331,1.775641,1.838745,1.535965
Denmark,2002,2.369858,2.088286,1.52714,1.761257,1.916299,1.532868
Denmark,2003,2.422121,2.154386,1.204807,1.765266,1.960584,1.601452
Denmark,2004,2.43181,2.309707,1.085029,1.759092,1.951609,1.800992
Denmark,2005,2.288495,2.119752,1.074679,1.650685,1.948244,1.739609
Denmark,2006,2.469991,2.22626,1.047865,1.803423,1.997572,1.571636
Denmark,2007,2.446026,2.353998,1.117682,1.925144,2.01373,1.477704
Denmark,2008,2.393064,2.251272,1.065299,1.873556,1.966503,1.538306
Denmark,2009,2.446495,2.232205,1.000632,1.88179,1.924757,1.538261
Denmark,2010,2.358993,2.09679,1.040961,1.876393,1.897532,1.541957
Denmark,2011,2.404429,2.101079,1.100293,1.905198,1.922708,1.551707
Denmark,2012,2.381079,1.984567,0.9149107,1.806774,1.8739,1.674114
Denmark,2013,2.404901,1.992455,0.9592335,1.80997,1.900482,1.666271
Denmark,2014,2.24726,1.819007,0.9517797,1.687075,2.096355,1.524577
Denmark,2015,2.211076,1.847929,0.8976498,1.734574,2.042371,1.552826
Denmark,2016,2.230591,1.876054,0.8679155,1.575408,1.912385,1.541357
Denmark,2017,2.193379,1.796943,0.8682193,1.621354,1.863846,1.515539
Denmark,2018,2.147795,1.871631,0.9590668,1.67705,1.833378,1.611797
Estonia,1996,0.449223,0.6115038,0.7675521,1.24001,0.5744267,0.9261671
Estonia,1998,0.6519922,0.5744918,0.6566161,1.232288,0.6647612,1.03417
Estonia,2000,0.8393674,0.7378457,0.9005917,1.291119,0.65367,0.9880024
Estonia,2002,0.7400399,0.7357646,0.9298187,1.388436,0.8249481,1.072951
Estonia,2003,0.9137154,0.9419677,0.8951334,1.301432,0.8059077,1.070579
Estonia,2004,0.9838896,0.924236,0.7035881,1.300697,0.9466917,1.093419
Estonia,2005,1.032414,0.9649968,0.6038897,1.294085,0.9697641,0.9921685
Estonia,2006,1.020037,1.157151,0.7364985,1.294109,1.1409,1.068222
Estonia,2007,1.003259,1.037318,0.6338796,1.359947,1.173005,1.073011
Estonia,2008,0.9905757,1.161841,0.5707842,1.419457,1.199121,1.091653
Estonia,2009,1.007584,1.009114,0.5657759,1.395184,1.131253,1.085522
Estonia,2010,0.9951673,1.085701,0.661367,1.390466,1.159709,1.105652
Estonia,2011,1.052501,1.076737,0.6110413,1.390989,1.183798,1.133726
Estonia,2012,1.096038,0.954538,0.6364652,1.417086,1.157107,1.111925
Estonia,2013,1.188761,0.9747753,0.7482154,1.447542,1.19848,1.116849
Estonia,2014,1.303456,1.01668,0.7802579,1.676558,1.372891,1.17031
Estonia,2015,1.293648,1.067978,0.6209198,1.669039,1.33191,1.186864
Estonia,2016,1.272345,1.090857,0.6739078,1.698142,1.226358,1.207984
Estonia,2017,1.242413,1.109357,0.6496198,1.642088,1.281881,1.213267
Estonia,2018,1.506318,1.191938,0.5999668,1.562708,1.240627,1.21297
Ethiopia,1996,-0.930546,-1.207594,-1.051122,-1.296775,-0.9657885,-1.08355
Ethiopia,1998,-0.5713557,-0.923562,-0.6302906,-1.133257,-0.7976124,-0.9892509
Ethiopia,2000,-0.4507736,-0.903667,-0.943961,-1.140291,-0.9293213,-1.031739
Ethiopia,2002,-0.5810344,-0.9049703,-1.223214,-1.206067,-0.9398389,-1.226132
Ethiopia,2003,-0.6589903,-0.882255,-1.408554,-1.156922,-0.8281424,-1.114733
Ethiopia,2004,-0.7281386,-0.7859753,-1.311482,-0.9780463,-0.8613823,-1.180991
Ethiopia,2005,-0.7700803,-0.9171304,-1.690749,-1.133831,-0.9361214,-1.238757
Ethiopia,2006,-0.6461358,-0.6600141,-1.738937,-1.008481,-0.6598365,-1.193717
Ethiopia,2007,-0.6287453,-0.4384569,-1.803412,-0.9442089,-0.6488339,-1.203705
Ethiopia,2008,-0.664217,-0.3967329,-1.730085,-0.8601215,-0.6970953,-1.307213
Ethiopia,2009,-0.7013902,-0.4968872,-1.640794,-0.9303918,-0.8270875,-1.298283
Ethiopia,2010,-0.6906257,-0.4322301,-1.635101,-0.8702891,-0.8016505,-1.344843
Ethiopia,2011,-0.6579399,-0.4841617,-1.506964,-0.9997987,-0.7395577,-1.362644
Ethiopia,2012,-0.6025902,-0.4252695,-1.564271,-1.047956,-0.6774848,-1.308908
Ethiopia,2013,-0.4949463,-0.6069971,-1.407307,-1.118452,-0.6474136,-1.313026
Ethiopia,2014,-0.4442555,-0.4244817,-1.339387,-1.065146,-0.4715633,-1.284354
Ethiopia,2015,-0.4501761,-0.6467084,-1.498187,-1.031196,-0.5090271,-1.298357
Ethiopia,2016,-0.4170368,-0.6383561,-1.619813,-1.101313,-0.4923488,-1.403662
Ethiopia,2017,-0.5574791,-0.697957,-1.679589,-1.006072,-0.4536527,-1.442103
Ethiopia,2018,-0.4861672,-0.6074697,-1.343246,-0.9736451,-0.4282891,-1.15887
Finland,1996,2.206872,1.724996,1.412275,1.548161,1.907922,1.517698
Finland,1998,2.259066,2.022946,1.472588,1.82857,1.998196,1.467298
Finland,2000,2.443092,2.118074,1.721373,1.849333,1.984539,1.593033
Finland,2002,2.429387,2.161537,1.755193,1.866809,1.938037,1.552904
Finland,2003,2.437771,2.261099,1.688117,1.858854,1.999097,1.572457
Finland,2004,2.435115,2.169805,1.62026,1.790919,1.961037,1.783608
Finland,2005,2.325073,2.129372,1.595862,1.662623,1.963109,1.687097
Finland,2006,2.464972,2.170114,1.501351,1.601978,1.973505,1.494072
Finland,2007,2.40055,1.974782,1.487837,1.548008,1.914936,1.460227
Finland,2008,2.33726,2.050841,1.445845,1.610824,1.922676,1.463081
Finland,2009,2.251192,2.229059,1.459815,1.812506,1.970258,1.465268
Finland,2010,2.159788,2.22934,1.423607,1.87564,1.968725,1.486713
Finland,2011,2.198592,2.241138,1.393471,1.819748,1.949499,1.507551
Finland,2012,2.235261,2.220478,1.400765,1.829249,1.951503,1.600697
Finland,2013,2.202126,2.174288,1.385172,1.851513,1.936688,1.573706
Finland,2014,2.165775,1.998276,1.282197,1.884035,2.100273,1.541917
Finland,2015,2.275324,1.813011,1.040587,1.836381,2.063105,1.543586
Finland,2016,2.239528,1.828908,0.9990865,1.817408,2.015214,1.531729
Finland,2017,2.215811,1.936857,1.080675,1.819965,2.027073,1.553089
Finland,2018,2.21243,1.984208,0.9249202,1.786545,2.046279,1.612387
France,1996,1.247409,1.251857,0.8882284,1.048776,1.483683,1.311158
France,1998,1.394023,1.513518,0.7001125,0.8705307,1.402928,1.171782
France,2000,1.368257,1.71177,0.787016,0.9601255,1.459405,1.182987
France,2002,1.228348,1.602407,0.9285783,1.016844,1.240936,1.154342
France,2003,1.349144,1.714666,0.1817637,1.248102,1.367351,1.122663
France,2004,1.330429,1.776973,0.3459356,1.22613,1.44289,1.456458
France,2005,1.366185,1.671527,0.4015874,1.246632,1.418815,1.476771
France,2006,1.463727,1.632802,0.5970889,1.240273,1.474472,1.298723
France,2007,1.464608,1.471042,0.5636244,1.287171,1.472339,1.259767
France,2008,1.407428,1.582908,0.54572,1.284125,1.507125,1.304794
France,2009,1.438242,1.480974,0.5117519,1.216958,1.452676,1.244509
France,2010,1.46638,1.430301,0.6810876,1.312381,1.519731,1.202857
France,2011,1.532394,1.359144,0.6029928,1.161314,1.446996,1.170668
France,2012,1.455788,1.340279,0.5549415,1.130379,1.454164,1.238106
France,2013,1.329576,1.481829,0.4487441,1.157089,1.426773,1.219247
France,2014,1.314697,1.40317,0.3005685,1.078786,1.474639,1.21816
France,2015,1.305666,1.436796,0.1067064,1.129694,1.413305,1.206641
France,2016,1.400143,1.405252,-0.0953591,1.070323,1.413082,1.135574
France,2017,1.259483,1.35209,0.2789897,1.15695,1.438318,1.148534
France,2018,1.316893,1.480526,0.1091348,1.173062,1.440087,1.179415
Germany,1996,1.905217,1.724677,1.288753,1.481484,1.609529,1.328895
Germany,1998,2.053513,1.881973,1.241743,1.285795,1.66378,1.291888
Germany,2000,1.861064,1.885063,1.412949,1.514805,1.637887,1.314802
Germany,2002,1.939489,1.719772,1.09954,1.558397,1.666165,1.414031
Germany,2003,1.929958,1.41907,0.5782575,1.534465,1.674761,1.413554
Germany,2004,1.862092,1.487871,0.6398367,1.479608,1.639209,1.49604
Germany,2005,1.885013,1.505681,0.8901936,1.516365,1.663715,1.485834
Germany,2006,1.803052,1.650243,1.026523,1.569094,1.783433,1.365231
Germany,2007,1.73584,1.637844,0.9960085,1.615169,1.772996,1.336478
Germany,2008,1.759813,1.522836,0.9458345,1.488769,1.745706,1.336778
Germany,2009,1.755258,1.578987,0.8605308,1.519109,1.655951,1.334962
Germany,2010,1.77627,1.571172,0.7968345,1.573053,1.631237,1.297783
Germany,2011,1.743273,1.554961,0.8422185,1.554825,1.616171,1.349211
Germany,2012,1.829577,1.593369,0.7756213,1.536132,1.664948,1.393738
Germany,2013,1.813811,1.54252,0.9279839,1.553044,1.6495,1.406184
Germany,2014,1.83838,1.731392,0.9251865,1.703043,1.856834,1.43633
Germany,2015,1.837888,1.73683,0.6998243,1.723078,1.794997,1.421997
Germany,2016,1.843418,1.734568,0.6813634,1.817016,1.622016,1.36378
Germany,2017,1.841089,1.719291,0.5875772,1.783135,1.608339,1.389157
Germany,2018,1.946584,1.619633,0.6048951,1.749248,1.630446,1.422362
Ghana,1996,-0.3399495,-0.1199338,-0.2330986,-0.3438184,-0.2335782,-0.2072352
Ghana,1998,-0.2587137,-0.1173347,-0.135467,-0.2194145,-0.2757003,-0.1872003
Ghana,2000,-0.1009973,0.0685982,-0.3598437,-0.0673863,0.1546091,0.0706235
Ghana,2002,-0.3289041,-0.0977649,-0.1637683,-0.4483666,0.0424118,0.0284165
Ghana,2003,-0.2544806,-0.1973791,0.0287742,-0.2621369,0.0689031,0.2717645
Ghana,2004,-0.2531646,-0.2004661,0.0399668,-0.3660312,-0.1190322,0.1177054
Ghana,2005,-0.3671385,-0.1873818,0.1683214,-0.1254053,-0.1162843,0.1974853
Ghana,2006,-0.0210537,0.1603275,0.008032,-0.0638116,0.0544558,0.4075934
Ghana,2007,0.0390468,0.1288427,-0.0717858,-0.048031,0.035718,0.4973204
Ghana,2008,-0.0705424,0.0327254,-0.0276288,-0.0368968,-0.0680184,0.4318844
Ghana,2009,-0.0072126,-0.0453508,0.0299434,0.0803972,-0.0420598,0.4979627
Ghana,2010,0.0115234,-0.0378857,0.0260932,0.1159474,-0.0280696,0.51473
Ghana,2011,-0.0257114,-0.0504538,0.1671121,0.1248741,-0.0048789,0.4846578
Ghana,2012,-0.1265676,-0.0485327,0.130695,0.1281278,0.010495,0.4313522
Ghana,2013,-0.0966235,-0.0983737,0.0606061,0.0846051,0.1491421,0.4388546
Ghana,2014,-0.192189,-0.2808576,-0.106808,-0.0057965,0.052245,0.4632516
Ghana,2015,-0.1888184,-0.2221627,-0.0320993,-0.0312539,0.1423959,0.4899295
Ghana,2016,-0.1490146,-0.168311,-0.1309286,-0.2325097,0.0487858,0.5836056
Ghana,2017,-0.2290351,-0.1091871,0.0917808,-0.1376108,0.1298672,0.5970871
Ghana,2018,-0.1149039,-0.2102704,0.0298971,-0.0800039,0.0718521,0.5787039
Greece,1996,0.3386542,0.8375552,0.5539733,0.5371351,1.053524,1.003164
Greece,1998,0.7874542,0.7780467,0.7711199,0.6164008,0.8063567,1.103217
Greece,2000,0.6592863,0.6252663,0.8087341,0.7773918,0.8837191,1.013062
Greece,2002,0.424131,0.8249017,0.8750264,0.9866242,0.7476032,1.048019
Greece,2003,0.3888408,0.7612695,0.4793433,1.01993,0.8182082,1.156674
Greece,2004,0.4649595,0.8052155,0.4896374,0.8453354,0.9133037,1.191415
Greece,2005,0.3582354,0.715305,0.5069851,0.9607569,0.7945819,1.097569
Greece,2006,0.3637859,0.636948,0.6321899,0.8585035,0.8736634,0.9654828
Greece,2007,0.2673829,0.5579451,0.5241894,0.8947076,0.8723755,0.9838739
Greece,2008,0.1335602,0.5852923,0.2700586,0.880909,0.8622125,0.9282115
Greece,2009,0.0674696,0.6194866,-0.2077363,0.8366709,0.6528149,0.8914437
Greece,2010,-0.0577769,0.5560393,-0.1272069,0.6446643,0.6305012,0.8977181
Greece,2011,-0.0988188,0.5121977,-0.0986952,0.4964582,0.5728871,0.820455
Greece,2012,-0.1892218,0.3198002,-0.2172487,0.5269415,0.4265072,0.7007905
Greece,2013,-0.0453114,0.4592025,-0.1713417,0.6334165,0.4650219,0.6872375
Greece,2014,-0.1223881,0.3985864,-0.140446,0.3293375,0.3625999,0.6187572
Greece,2015,-0.0766138,0.256061,-0.2302524,0.409623,0.2671453,0.6515437
Greece,2016,-0.0920857,0.2266778,-0.1215992,0.1483869,0.1073458,0.6684951
Greece,2017,-0.1383459,0.3133734,-0.0735961,0.2381997,0.0839193,0.7086233
Greece,2018,-0.0660259,0.3382609,0.0925857,0.2950006,0.1529743,0.8573366
Hungary,1996,0.6669082,0.8632687,1.00652,0.8505728,0.9105006,1.015237
Hungary,1998,0.7662362,0.9870427,1.219,1.025442,0.8718883,1.070461
Hungary,2000,0.787683,0.9825234,0.9171637,1.090353,0.9061415,1.135267
Hungary,2002,0.5838848,1.050705,1.261184,1.313026,0.9750017,1.156022
Hungary,2003,0.6809823,0.9579552,1.132546,1.116598,0.9326175,1.167382
Hungary,2004,0.6933732,0.8630024,0.8286694,1.16464,0.9132501,1.149414
Hungary,2005,0.6543485,0.7717035,1.00302,1.068541,0.8648534,1.175189
Hungary,2006,0.6587242,0.8729004,0.9865795,1.21221,0.9977335,1.015041
Hungary,2007,0.6228059,0.7084755,0.747174,1.19106,0.9641744,1.041056
Hungary,2008,0.471792,0.707319,0.7502059,1.195643,0.9260617,0.9657084
Hungary,2009,0.4338323,0.6731957,0.5356742,1.081764,0.7964902,0.909685
Hungary,2010,0.3656501,0.6666696,0.6857837,1.016507,0.7802678,0.8942028
Hungary,2011,0.3995961,0.6749275,0.7432541,1.032593,0.764692,0.8369731
Hungary,2012,0.3563344,0.6288418,0.6757948,0.9879707,0.6152842,0.7493677
Hungary,2013,0.3216026,0.6549682,0.7966461,0.9061847,0.5826928,0.7371929
Hungary,2014,0.1645602,0.5334437,0.6699048,0.7519903,0.5019311,0.5532663
Hungary,2015,0.1486354,0.497252,0.7462977,0.7662329,0.399936,0.5599743
Hungary,2016,0.0972435,0.4643016,0.6546786,0.6034219,0.4230584,0.4012523
Hungary,2017,0.0892915,0.5221342,0.8063788,0.6497676,0.529677,0.365919
Hungary,2018,0.053347,0.4873109,0.7552119,0.6022686,0.555392,0.3183424
Iceland,1996,1.73311,1.860767,1.324026,1.253652,1.601502,1.462389
Iceland,1998,1.96821,1.914617,1.37582,1.356542,1.701945,1.429103
Iceland,2000,2.267266,2.030386,1.575938,1.613703,1.826714,1.492716
Iceland,2002,2.251494,2.020225,1.621677,1.552962,1.892914,1.472992
Iceland,2003,2.28839,2.106059,1.517588,1.662568,1.958809,1.555669
Iceland,2004,2.190967,2.074324,1.456844,1.622952,1.927046,1.628328
Iceland,2005,2.311686,1.973407,1.444746,1.603446,1.951466,1.568608
Iceland,2006,2.183154,1.893597,1.454132,1.526913,1.895821,1.445337
Iceland,2007,2.208236,1.795479,1.484785,1.509135,1.845549,1.431
Iceland,2008,2.343693,1.83181,1.215352,1.310709,1.865286,1.42565
Iceland,2009,2.04152,1.635219,1.190854,1.01575,1.714271,1.415215
Iceland,2010,1.942624,1.585732,1.022254,0.9226791,1.713807,1.445753
Iceland,2011,1.939586,1.58326,1.24401,1.057036,1.697878,1.41073
Iceland,2012,1.886239,1.491028,1.245032,1.119306,1.685005,1.44295
Iceland,2013,1.912274,1.490049,1.287134,1.14007,1.662148,1.439569
Iceland,2014,1.827839,1.4914,1.246975,1.217898,1.708532,1.357325
Iceland,2015,1.93911,1.492079,1.308164,1.273735,1.66733,1.376502
Iceland,2016,1.949494,1.385732,1.361624,1.276847,1.519545,1.356051
Iceland,2017,1.838121,1.450544,1.348026,1.432059,1.606576,1.377903
Iceland,2018,1.843649,1.465655,1.412426,1.417764,1.719734,1.412682
India,1996,-0.3810903,-0.1116067,-0.9669734,-0.55335,0.3134562,0.4765637
India,1998,-0.24787,-0.064976,-1.196181,-0.4552507,0.3539906,0.3912426
India,2000,-0.3455512,-0.1337757,-0.9981295,-0.1560733,0.330215,0.3520634
India,2002,-0.5158787,-0.1207639,-1.209034,-0.3541076,0.0033842,0.4262459
India,2003,-0.4165717,-0.0884409,-1.508781,-0.3484355,0.1309935,0.4545649
India,2004,-0.4111507,-0.1573192,-1.278899,-0.4284641,0.0400426,0.3999674
India,2005,-0.3607849,-0.1055001,-1.012698,-0.2887118,0.1279031,0.4136857
India,2006,-0.276444,-0.0983199,-1.063722,-0.2798955,0.1773311,0.4371937
India,2007,-0.3981131,0.1219054,-1.151811,-0.3048282,0.0937817,0.4539639
India,2008,-0.3371764,-0.0191939,-1.107512,-0.389451,0.0860389,0.4621931
India,2009,-0.4519712,-0.0124214,-1.353806,-0.3267712,0.013824,0.4606846
India,2010,-0.4681174,0.0259907,-1.277984,-0.3786293,-0.0373948,0.4432724
India,2011,-0.5362822,0.0059622,-1.326795,-0.3445381,-0.0906937,0.4358186
India,2012,-0.5132375,-0.1709511,-1.28931,-0.4727815,-0.0719619,0.3994542
India,2013,-0.51744,-0.1715367,-1.229174,-0.4706369,-0.0573186,0.4327801
India,2014,-0.4280237,-0.2056473,-0.997912,-0.4477591,-0.0632454,0.413294
India,2015,-0.3520183,0.0903423,-0.9484934,-0.3914646,-0.0473227,0.4278702
India,2016,-0.2822576,0.0751832,-0.9538398,-0.306505,-0.0288772,0.4401874
India,2017,-0.2398077,0.0898925,-0.7646992,-0.2540298,0.0047691,0.3855384
India,2018,-0.186293,0.2830485,-0.9565214,-0.1836544,0.0262165,0.3788327
Israel,1996,1.354008,0.7741725,-1.150886,1.082424,1.278926,0.7040718
Israel,1998,1.187974,1.089912,-1.121567,1.099374,1.027399,0.6193128
Israel,2000,1.053336,1.109834,-1.041646,1.129896,1.02476,0.6943455
Israel,2002,1.233176,1.08279,-1.461522,0.9596179,1.096627,0.5891345
Israel,2003,1.123608,1.20012,-1.519039,0.938236,0.9407241,0.6442926
Israel,2004,0.9291246,1.262236,-1.322922,0.826647,0.862099,0.6622503
Israel,2005,0.8307115,1.04385,-1.247689,0.8639424,0.8173937,0.6461244
Israel,2006,1.007911,1.253453,-1.259751,0.9978138,0.9015248,0.7741564
Israel,2007,0.8503318,1.237051,-1.249815,1.100534,0.829284,0.7405438
Israel,2008,0.8951092,1.334131,-1.321099,1.171127,0.846117,0.7232652
Israel,2009,0.8098461,1.275444,-1.626286,1.101107,0.8413505,0.5704734
Israel,2010,0.7551451,1.391521,-1.341152,1.216991,0.9160219,0.5838454
Israel,2011,0.8048425,1.342522,-1.201318,1.316737,1.012864,0.6533095
Israel,2012,0.9097447,1.277025,-1.078904,1.177436,0.9345552,0.6443449
Israel,2013,0.9131669,1.249336,-1.101285,1.166611,0.9780432,0.6494062
Israel,2014,0.8657098,1.210812,-1.039735,1.216221,1.107663,0.727579
Israel,2015,0.9430066,1.387783,-1.094913,1.272598,1.162278,0.7449204
Israel,2016,1.186809,1.345488,-0.7945364,1.31263,1.072176,0.786603
Israel,2017,0.8267115,1.385686,-0.8878308,1.271691,1.021372,0.696376
Israel,2018,0.7865694,1.208207,-0.9324778,1.247308,0.9939096,0.6511905
Italy,1996,0.4078476,0.8403255,1.11122,0.8552957,1.056424,1.129291
Italy,1998,0.5178497,0.8726358,1.192414,0.7531931,0.8328923,1.063974
Italy,2000,0.7291573,0.7656862,0.9180713,0.8340189,0.8606026,1.040719
Italy,2002,0.5468297,0.8018304,0.8389298,0.9443859,0.7640434,1.038653
Italy,2003,0.512423,0.8015524,0.4323907,1.077558,0.7158915,0.985717
Italy,2004,0.3757025,0.6471076,0.2703004,1.094056,0.6021007,1.177168
Italy,2005,0.4105245,0.5618377,0.490133,0.998329,0.5182708,1.057029
Italy,2006,0.4838046,0.3647408,0.5318275,0.9774947,0.3876202,1.064524
Italy,2007,0.3368244,0.1976259,0.4476521,0.9405472,0.4787489,1.111907
Italy,2008,0.2701409,0.2796266,0.5492006,0.9747458,0.4551162,1.032024
Italy,2009,0.1990607,0.421652,0.3482109,0.9684786,0.4047396,1.03418
Italy,2010,0.1269229,0.4419097,0.4739237,0.8963356,0.4303287,0.9627974
Italy,2011,0.1818639,0.3775406,0.5012074,0.7177325,0.4665138,0.9118239
Italy,2012,0.066175,0.4206704,0.5082175,0.7499914,0.4033195,0.9168093
Italy,2013,0.0516357,0.4584835,0.4954992,0.7847136,0.4029013,0.9542174
Italy,2014,-0.0296416,0.374144,0.4581654,0.6418828,0.3773912,0.9992626
Italy,2015,0.0162641,0.4479527,0.3759197,0.7288107,0.275051,1.034772
Italy,2016,0.0844068,0.5347704,0.3694153,0.7105919,0.3291599,1.033993
Italy,2017,0.1885998,0.5021274,0.3067282,0.7040223,0.3246247,1.053589
Italy,2018,0.2356188,0.4138835,0.3111933,0.6714953,0.2467615,1.045518
Japan,1996,1.192312,0.9102908,1.162648,0.7719467,1.347829,1.07293
Japan,1998,1.10376,1.065328,1.247656,0.5928359,1.386728,0.9467865
Japan,2000,1.273968,1.199341,1.198905,0.8396158,1.315753,0.958088
Japan,2002,0.9685954,1.068673,1.179546,0.5304578,1.176049,1.014471
Japan,2003,1.210685,1.217828,1.027569,1.102628,1.196319,1.082604
Japan,2004,1.218695,1.36378,1.028519,1.143969,1.265991,1.043495
Japan,2005,1.218508,1.290751,1.036058,1.260381,1.234982,1.006277
Japan,2006,1.329219,1.589435,1.138634,1.260638,1.363448,0.9541233
Japan,2007,1.238238,1.447718,1.010045,1.129072,1.335137,0.9699463
Japan,2008,1.335973,1.460432,0.8941537,1.131932,1.318866,0.9488592
Japan,2009,1.377338,1.454036,0.9757358,1.098667,1.293836,1.021046
Japan,2010,1.560462,1.527669,0.8793532,1.018737,1.326372,1.040693
Japan,2011,1.561262,1.47267,0.995092,1.079391,1.312013,1.071133
Japan,2012,1.627003,1.415637,0.9484429,1.143813,1.357861,1.101295
Japan,2013,1.65568,1.618066,1.019142,1.115993,1.443707,1.109647
Japan,2014,1.694595,1.812485,0.9685974,1.142823,1.601542,1.036089
Japan,2015,1.569181,1.784521,1.065128,1.217743,1.518716,0.9880549
Japan,2016,1.524958,1.822038,0.9829442,1.428122,1.420992,0.9879047
Japan,2017,1.522429,1.617136,1.111927,1.373821,1.566192,1.007819
Japan,2018,1.424772,1.675817,1.059693,1.329213,1.534107,1.022638
Kenya,1996,-1.158849,-0.5208501,-0.6538995,-0.3134253,-1.021581,-0.6521509
Kenya,1998,-1.148849,-0.5046508,-0.9047976,-0.3060669,-1.045947,-0.866834
Kenya,2000,-1.05617,-0.5308153,-1.06825,-0.2711834,-0.8726287,-0.8106471
Kenya,2002,-0.9963042,-0.6327102,-1.186471,-0.1461718,-0.8744458,-0.6793998
Kenya,2003,-0.8803428,-0.6209576,-1.262862,-0.2523673,-0.8304052,-0.2571073
Kenya,2004,-0.8561925,-0.5918168,-1.086909,-0.27502,-0.836094,-0.211595
Kenya,2005,-0.9964005,-0.7021186,-1.249828,-0.2711389,-0.8815261,-0.244842
Kenya,2006,-0.9332762,-0.6171426,-1.125182,-0.193215,-0.8782318,-0.1303465
Kenya,2007,-0.9709478,-0.499506,-1.302541,-0.248019,-0.9657166,-0.2490153
Kenya,2008,-1.055104,-0.5901043,-1.391941,-0.215304,-0.9938358,-0.2825438
Kenya,2009,-1.059961,-0.6301031,-1.425457,-0.1474386,-1.012889,-0.3319136
Kenya,2010,-0.9100319,-0.5571087,-1.165524,-0.0816785,-0.9423593,-0.2189553
Kenya,2011,-0.9502012,-0.5665606,-1.244791,-0.2145242,-0.903675,-0.2695202
Kenya,2012,-1.093515,-0.5232506,-1.323441,-0.299869,-0.8238015,-0.2878036
Kenya,2013,-1.031272,-0.4572672,-1.166931,-0.3002482,-0.7111246,-0.2122569
Kenya,2014,-0.9333014,-0.333344,-1.282247,-0.3161606,-0.4168576,-0.1452322
Kenya,2015,-1.013479,-0.3012509,-1.244406,-0.3124211,-0.488159,-0.1460019
Kenya,2016,-0.8927898,-0.324938,-1.354791,-0.3003297,-0.4405517,-0.1154431
Kenya,2017,-0.9537179,-0.3199218,-1.131752,-0.2325869,-0.4132071,-0.199418
Kenya,2018,-0.8520129,-0.4108523,-1.164113,-0.2266058,-0.4110505,-0.3606543
"Korea, Rep.",1996,0.3821974,0.4737186,0.5686132,0.4451489,0.7987474,0.668099
"Korea, Rep.",1998,0.3517909,0.3630948,0.5143274,0.2836924,0.8114922,0.6386724
"Korea, Rep.",2000,0.3226252,0.7543431,0.3980622,0.5951458,0.8812567,0.6371692
"Korea, Rep.",2002,0.5032603,0.906771,0.2407795,0.8213381,0.9473205,0.7456281
"Korea, Rep.",2003,0.5583808,0.9240439,0.2483981,0.7665258,0.8342572,0.7232338
"Korea, Rep.",2004,0.388703,0.9010343,0.4284169,0.7992983,0.919705,0.7285312
"Korea, Rep.",2005,0.623883,0.9906011,0.4846275,0.8216798,0.9900065,0.7455956
"Korea, Rep.",2006,0.3483674,1.045397,0.4234944,0.7479267,0.8714592,0.6905551
"Korea, Rep.",2007,0.6020547,1.236837,0.5662745,0.9040993,1.029149,0.6997411
"Korea, Rep.",2008,0.4701436,1.05099,0.4218944,0.7318411,0.8808925,0.6571436
"Korea, Rep.",2009,0.5350723,1.094725,0.4095646,0.8404045,0.9937183,0.7076684
"Korea, Rep.",2010,0.4694922,1.204664,0.3258958,0.934835,1.00388,0.741087
"Korea, Rep.",2011,0.528293,1.252769,0.4124956,0.9885986,1.025968,0.7269193
"Korea, Rep.",2012,0.5351672,1.199333,0.2671033,0.8941596,0.9842082,0.7255958
"Korea, Rep.",2013,0.614448,1.125552,0.2785786,0.9912655,0.9538232,0.7058276
"Korea, Rep.",2014,0.5475607,1.164746,0.1085688,1.110693,0.9935281,0.680226
"Korea, Rep.",2015,0.373622,1.012394,0.1610141,1.113389,0.9323846,0.6310143
"Korea, Rep.",2016,0.4569126,1.064042,0.163469,1.114325,1.160836,0.6407209
"Korea, Rep.",2017,0.4808298,1.072764,0.3213226,1.105012,1.163428,0.7399142
"Korea, Rep.",2018,0.6041095,1.182665,0.5449707,1.094949,1.23655,0.7960598
Latvia,1996,-0.2033388,0.4854589,0.5602862,0.9041389,0.1336678,0.7233475
Latvia,1998,0.1721002,0.2305293,0.0336203,0.8447193,0.2915803,0.8284368
Latvia,2000,-0.0722135,0.3294605,0.4161927,0.7483771,0.1973373,0.7422881
Latvia,2002,0.0167397,0.5530607,0.9443777,0.8889499,0.3415674,0.8377801
Latvia,2003,0.2769963,0.6452475,1.002394,0.9609982,0.5957193,0.7670042
Latvia,2004,0.1847784,0.6106073,0.6172798,0.9735729,0.5873426,0.7005356
Latvia,2005,0.3796195,0.5684978,0.8141941,0.9258149,0.6184816,0.7818131
Latvia,2006,0.3698641,0.6851262,0.8386412,0.9998425,0.669318,0.8466991
Latvia,2007,0.352404,0.4800134,0.5622184,1.007933,0.7592566,0.8289153
Latvia,2008,0.2548864,0.5584953,0.2045949,1.024673,0.8092072,0.7807863
Latvia,2009,0.2262741,0.6238099,0.3484597,0.9855881,0.8143532,0.8499379
Latvia,2010,0.2283071,0.70881,0.527854,0.9836758,0.7878038,0.7942439
Latvia,2011,0.2866477,0.6981383,0.3200021,0.9598081,0.7470232,0.7367753
Latvia,2012,0.245459,0.8384485,0.4536267,1.016595,0.7854767,0.7755156
Latvia,2013,0.3284156,0.8890268,0.5936353,1.043866,0.7678499,0.7704234
Latvia,2014,0.4153654,0.9585503,0.4872684,1.171654,0.8723829,0.8494349
Latvia,2015,0.4681761,1.089444,0.4437472,1.0888,0.7945901,0.8465344
Latvia,2016,0.4311383,1.005264,0.4790692,1.080243,0.9589826,0.8424898
Latvia,2017,0.5358248,0.9037945,0.4620957,1.154456,0.9313785,0.7965319
Latvia,2018,0.3285871,1.043452,0.4215345,1.189894,0.9569856,0.8133246
Lesotho,1996,0.0865449,-0.1241927,0.2323987,-0.289027,0.0983566,-0.480029
Lesotho,1998,0.0405158,-0.0817896,-0.1185535,-0.3731731,0.1960994,-0.4347247
Lesotho,2000,-0.0037387,-0.1310107,0.0950859,-0.3454552,0.1418615,-0.3701273
Lesotho,2002,-0.0931795,-0.0442861,-0.0473164,-0.3902856,0.0881359,0.0386156
Lesotho,2003,-0.170642,-0.0888197,0.0997436,-0.4950117,0.0923793,-0.0009924
Lesotho,2004,-0.0989184,-0.3514833,0.3576083,-0.5752791,-0.1069801,-0.1529255
Lesotho,2005,0.0216869,-0.1359913,-0.0043662,-0.6360288,-0.1209045,-0.2097698
Lesotho,2006,0.0021442,-0.4562086,-0.1258665,-0.6707316,-0.2229561,0.1818884
Lesotho,2007,-0.0688466,-0.4258736,-0.3906317,-0.6988299,-0.2946635,0.0134804
Lesotho,2008,0.0497081,-0.4009566,-0.2059289,-0.6459164,-0.2313231,-0.0662233
Lesotho,2009,0.1559155,-0.2942435,0.3259916,-0.6248962,-0.2117993,-0.0834326
Lesotho,2010,0.1685703,-0.3121285,0.4567754,-0.5963897,-0.2773108,-0.1015297
Lesotho,2011,0.151321,-0.3092911,0.3839408,-0.6056187,-0.2519594,-0.0892456
Lesotho,2012,0.1214297,-0.3754399,0.2741991,-0.5237986,-0.2448477,0.0723329
Lesotho,2013,0.2755961,-0.4172004,0.3380743,-0.3541136,-0.2019752,0.1202671
Lesotho,2014,0.1905199,-0.5551813,-0.332812,-0.4116735,-0.2098233,0.1619705
Lesotho,2015,0.0625368,-0.6725309,-0.3084288,-0.3962424,-0.1739646,0.1146922
Lesotho,2016,-0.0225262,-0.8018591,-0.2364652,-0.3875899,-0.1682908,0.0337448
Lesotho,2017,-0.0309465,-0.8552153,-0.1867014,-0.3218702,-0.2748416,0.039736
Lesotho,2018,-0.1033081,-0.8609057,-0.2183286,-0.4965023,-0.3366604,0.0843929
Lithuania,1996,0.4210027,0.5274739,0.522728,1.076941,0.4498797,0.9771038
Lithuania,1998,0.3199019,0.3136699,0.4285788,0.8694181,0.5944154,0.9363542
Lithuania,2000,0.3574329,0.1445975,0.4245492,0.7643174,0.2920864,0.8554399
Lithuania,2002,0.2021333,0.5597879,0.8922449,1.066879,0.4527944,0.9048923
Lithuania,2003,0.3789164,0.7632465,1.050331,1.039053,0.5413424,0.9205306
Lithuania,2004,0.4285874,0.7121693,0.7655732,1.125147,0.6070058,0.8824941
Lithuania,2005,0.3280523,0.7792079,0.7771922,1.003807,0.6287229,0.9021329
Lithuania,2006,0.161695,0.7263384,0.8703759,0.9738994,0.7163033,0.8612876
Lithuania,2007,0.1301493,0.7018702,0.8172772,1.084034,0.7266968,0.8865519
Lithuania,2008,0.1396623,0.6169906,0.7462569,1.123981,0.7224829,0.8496562
Lithuania,2009,0.2315532,0.6935584,0.6312088,0.953743,0.7280318,0.9021598
Lithuania,2010,0.3767319,0.7432536,0.7152606,0.962145,0.7823634,0.9156346
Lithuania,2011,0.3271061,0.7037992,0.6712003,0.9313331,0.7749577,0.8605259
Lithuania,2012,0.3939939,0.833409,0.7862099,1.123943,0.8504152,0.9295096
Lithuania,2013,0.4260329,0.8317371,0.9645323,1.154193,0.8360037,0.9400197
Lithuania,2014,0.558858,0.9826534,0.7421364,1.193723,0.9391773,0.9615911
Lithuania,2015,0.6176547,1.184934,0.759794,1.277035,1.008047,0.97391
Lithuania,2016,0.7138361,1.070065,0.82828,1.136219,1.029358,0.9999698
Lithuania,2017,0.5537298,0.965337,0.7756186,1.15609,0.9926504,0.9854785
Lithuania,2018,0.4978957,1.072398,0.752799,1.113281,0.9573604,0.9233596
Luxembourg,1996,1.951375,1.959735,1.380314,1.757417,1.709999,1.549987
Luxembourg,1998,1.940335,2.036945,1.38405,1.551881,1.807378,1.524929
Luxembourg,2000,2.04844,1.973986,1.606135,1.917899,1.845376,1.510187
Luxembourg,2002,2.063325,2.038897,1.63953,1.916083,1.904424,1.408297
Luxembourg,2003,1.692841,1.920923,1.441613,1.821142,1.866144,1.533096
Luxembourg,2004,1.844499,1.898921,1.315857,1.794739,1.865489,1.668277
Luxembourg,2005,1.656579,1.777105,1.332353,1.639679,1.83068,1.581918
Luxembourg,2006,1.882664,1.571362,1.400937,1.674969,1.699838,1.547201
Luxembourg,2007,1.971466,1.592555,1.482909,1.7364,1.765278,1.537699
Luxembourg,2008,1.971972,1.625627,1.512313,1.65793,1.801214,1.545579
Luxembourg,2009,1.973333,1.74732,1.450533,1.646159,1.827186,1.555082
Luxembourg,2010,2.046461,1.721774,1.461219,1.676335,1.851443,1.574836
Luxembourg,2011,2.159844,1.748484,1.317427,1.865481,1.83319,1.604539
Luxembourg,2012,2.122712,1.672072,1.331919,1.767417,1.798904,1.649901
Luxembourg,2013,2.123356,1.629902,1.335248,1.780547,1.816299,1.631096
Luxembourg,2014,2.073182,1.654433,1.378324,1.630896,1.906488,1.554682
Luxembourg,2015,2.096687,1.724078,1.439398,1.658029,1.874649,1.54681
Luxembourg,2016,2.096854,1.692346,1.419485,1.722079,1.760356,1.500211
Luxembourg,2017,1.985497,1.683147,1.325734,1.691277,1.737713,1.520515
Luxembourg,2018,2.087755,1.778221,1.373404,1.757206,1.810886,1.566906
Madagascar,1996,-0.3710939,-0.4482354,0.2170642,-0.9129845,-0.4035217,-0.1176168
Madagascar,1998,-0.7936238,-0.7376647,0.1968656,-0.7656654,-0.5193993,0.1524084
Madagascar,2000,-0.4506733,-0.5750998,0.1606237,-0.4321494,-0.2442252,0.1104709
Madagascar,2002,-0.18475,-0.3908238,-0.2300071,-0.2410899,-0.3004295,-0.1534434
Madagascar,2003,-0.1963035,-0.4111233,0.6216997,-0.2503695,-0.2347738,0.0445495
Madagascar,2004,-0.2801116,-0.4946465,0.2443279,-0.3167834,-0.2459596,0.0053627
Madagascar,2005,-0.0732841,-0.3535855,-0.0215053,-0.2185342,-0.3525315,-0.1237975
Madagascar,2006,-0.1858238,-0.5986828,0.1834861,-0.1742754,-0.4458058,-0.1102595
Madagascar,2007,-0.1902263,-0.4644684,0.0896575,-0.210702,-0.3836074,-0.1390652
Madagascar,2008,-0.2661915,-0.6498098,-0.4700531,-0.3250708,-0.4496756,-0.3261529
Madagascar,2009,-0.339067,-0.8023021,-0.7328526,-0.5246624,-0.733841,-0.8315294
Madagascar,2010,-0.4286864,-0.9596365,-0.9783388,-0.5662374,-0.8746328,-0.8454349
Madagascar,2011,-0.4793393,-1.032421,-0.7055859,-0.5281697,-0.8880162,-0.879346
Madagascar,2012,-0.6651397,-1.089096,-0.536137,-0.5632995,-0.9061241,-0.8832707
Madagascar,2013,-0.7539618,-1.131114,-0.6599934,-0.6486014,-0.9128277,-0.7633572
Madagascar,2014,-0.8404085,-1.299322,-0.5572358,-0.6921741,-0.7401275,-0.5003059
Madagascar,2015,-0.851298,-1.285604,-0.4273629,-0.7651789,-0.6872614,-0.3806107
Madagascar,2016,-0.9073029,-1.167727,-0.2900946,-0.6897418,-0.8134044,-0.3130772
Madagascar,2017,-1.050954,-1.139607,-0.3012637,-0.694037,-0.8600482,-0.341079
Madagascar,2018,-1.000727,-1.153121,-0.5190363,-0.7334517,-0.8139714,-0.3094514
Malawi,1996,-0.3160631,-0.2869339,-0.4548305,-0.2890597,-0.3766646,-0.0884638
Malawi,1998,-0.2539123,-0.2604285,-0.0688135,-0.2150777,-0.3682846,0.0645512
Malawi,2000,-0.2718835,-0.3374151,-0.327059,-0.2123383,-0.4773082,-0.1336164
Malawi,2002,-0.958181,-0.7074963,0.0032569,-0.4904278,-0.4188586,-0.5831007
Malawi,2003,-0.7312583,-0.6868253,0.040978,-0.4490207,-0.2124917,-0.4282667
Malawi,2004,-0.7681208,-0.7661783,0.1233549,-0.5353156,-0.1227518,-0.5422943
Malawi,2005,-0.70995,-0.8116758,0.1045019,-0.4705365,-0.1050631,-0.5281026
Malawi,2006,-0.5493971,-0.8596497,0.1192622,-0.5059555,-0.2158597,-0.2523139
Malawi,2007,-0.514421,-0.5369154,0.0824758,-0.4459907,-0.1555548,-0.2619393
Malawi,2008,-0.4456559,-0.545629,-0.0621808,-0.483631,-0.1104348,-0.2466548
Malawi,2009,-0.4046172,-0.4744326,0.0532402,-0.4488389,-0.1102533,-0.1488018
Malawi,2010,-0.4871768,-0.4106808,0.0438958,-0.5748214,-0.1255698,-0.1909863
Malawi,2011,-0.4169382,-0.4253919,-0.0729127,-0.7004287,-0.1550522,-0.2454195
Malawi,2012,-0.4716163,-0.4786059,-0.0026862,-0.7030605,-0.2187192,-0.2060844
Malawi,2013,-0.6073956,-0.4799153,-0.2058098,-0.6850817,-0.1622785,-0.178754
Malawi,2014,-0.7511342,-0.6281112,0.0810932,-0.8000299,-0.2863653,-0.0642981
Malawi,2015,-0.7665762,-0.6662121,0.0318961,-0.8180815,-0.3068863,-0.0040295
Malawi,2016,-0.7566847,-0.7259985,-0.1134786,-0.8448486,-0.375331,-0.0307756
Malawi,2017,-0.6580035,-0.6595258,-0.251155,-0.7484592,-0.369574,-0.0310912
Malawi,2018,-0.7433892,-0.7286705,-0.3250225,-0.6708331,-0.3802995,-0.058092
Mali,1996,-0.7825618,-0.9984455,0.3638459,-0.5258044,-0.2969108,0.0121428
Mali,1998,-0.8465494,-0.9764479,0.4272908,-0.2303805,-0.3463075,-0.0676826
Mali,2000,-0.839941,-0.7980372,0.2398883,-0.1045932,-0.3471576,-0.0457374
Mali,2002,-0.6849798,-0.5568049,0.4108035,-0.429817,-0.2329327,0.2808102
Mali,2003,-0.6738481,-0.5700181,0.2581258,-0.4881367,0.0001894,0.3361652
Mali,2004,-0.591962,-0.6571354,0.4532746,-0.4792282,-0.1866324,0.2488637
Mali,2005,-0.4975321,-0.7059101,0.1756825,-0.5534297,-0.156803,0.2479338
Mali,2006,-0.4818845,-0.7386594,0.4135443,-0.4555993,-0.2901622,0.297409
Mali,2007,-0.425326,-0.7510856,0.2309478,-0.358832,-0.1830099,0.2253906
Mali,2008,-0.5290691,-0.7737022,0.2103665,-0.4054857,-0.3209292,0.202511
Mali,2009,-0.6739076,-0.8013337,-0.0755709,-0.4086943,-0.3652175,0.0696146
Mali,2010,-0.6779031,-0.8643363,-0.1828992,-0.4931963,-0.4499227,0.1581073
Mali,2011,-0.6385996,-0.8222965,-0.7083797,-0.3982912,-0.5010627,0.1678998
Mali,2012,-0.8253763,-0.9967953,-2.034329,-0.4108,-0.6711911,-0.4955301
Mali,2013,-0.7861145,-0.9028686,-1.722162,-0.4960637,-0.7491195,-0.284508
Mali,2014,-0.7453915,-1.099088,-1.713989,-0.6023568,-0.6442962,-0.1614028
Mali,2015,-0.6828474,-0.9310304,-1.685664,-0.577987,-0.7351909,-0.1979358
Mali,2016,-0.6547985,-0.9927511,-1.617233,-0.5908752,-0.7821617,-0.1835062
Mali,2017,-0.6403126,-0.936722,-1.90659,-0.5726805,-0.778186,-0.2527208
Mali,2018,-0.695331,-1.004638,-2.05126,-0.5496903,-0.7977482,-0.3091827
Mauritius,1996,0.0346621,0.2023246,1.088935,-0.1163504,0.8958461,0.8529145
Mauritius,1998,0.3410696,0.3846072,0.9672077,0.4328099,1.054101,1.007172
Mauritius,2000,0.3837742,0.4210844,0.7567294,0.6067637,0.9823496,0.9825176
Mauritius,2002,0.4586178,0.4061629,1.118453,0.5811971,1.054843,0.7885829
Mauritius,2003,0.3008124,0.7171742,1.010154,0.6068215,1.07713,0.8519952
Mauritius,2004,0.2545278,0.6271924,0.9747341,0.4244867,1.000842,0.8401489
Mauritius,2005,0.3152202,0.6086835,1.027774,0.4771075,1.02916,0.8328394
Mauritius,2006,0.3484554,0.6875621,0.7804061,0.5653766,0.8816985,0.9091737
Mauritius,2007,0.4382765,0.7470747,0.8788012,0.5221999,0.909599,0.88621
Mauritius,2008,0.5153103,0.7739719,0.8898097,0.7931436,0.9962615,0.8638719
Mauritius,2009,0.5392069,0.776171,0.7063665,0.8609337,0.9430081,0.8228934999999999
Mauritius,2010,0.5595223,0.8658755,0.6402588,0.8890533,0.8581037,0.7896773
Mauritius,2011,0.5368612,0.8734261,0.9464994,0.8378959,0.9016009,0.7957318
Mauritius,2012,0.3035417,0.9816903,0.9713124,0.9906248,0.9749667,0.880853
Mauritius,2013,0.2926284,0.8819206,0.9448017,0.9399689,0.9500684,0.9286816
Mauritius,2014,0.3513738,1.043637,0.6679659,1.12727,0.912838,0.9408962
Mauritius,2015,0.2940295,1.056994,0.9986154,1.091458,0.8553141,0.8271061
Mauritius,2016,0.2033691,0.9611623,1.013187,1.029757,0.7516719,0.8190387
Mauritius,2017,0.2011648,0.8994455,0.970916,0.9953023,0.6815405,0.7897446
Mauritius,2018,0.2696345,0.8760849,0.872838,1.027193,0.7796614,0.7605995
Mexico,1996,-0.5124286,0.2253267,-0.9230071,0.131713,-0.7266464,-0.042313
Mexico,1998,-0.4543453,0.3636463,-0.4209342,0.2093759,-0.5106046,0.0627863
Mexico,2000,-0.245629,0.2423703,-0.1981652,0.2536656,-0.3826113,0.25845
Mexico,2002,-0.1808602,0.2705096,-0.0560149,0.4532809,-0.3097694,0.3460435
Mexico,2003,-0.1670818,0.2065538,-0.1165087,0.3637139,-0.3322099,0.3469371
Mexico,2004,-0.3039545,0.1228508,-0.2138606,0.4268156,-0.3740855,0.3198276
Mexico,2005,-0.2710108,0.0681568,-0.4479379,0.1944254,-0.3469595,0.1980655
Mexico,2006,-0.2611699,0.0914132,-0.6380327,0.3782291,-0.4314989,0.1504744
Mexico,2007,-0.2726447,0.1687744,-0.7284455,0.3878794,-0.4940353,0.121899
Mexico,2008,-0.2446972,0.1873924,-0.8037661,0.3382414,-0.6678741,0.1349276
Mexico,2009,-0.3010224,0.1752324,-0.6854959,0.2248415,-0.559861,0.2000446
Mexico,2010,-0.3615492,0.1624299,-0.7264634,0.2527093,-0.5508309,0.1785069
Mexico,2011,-0.4021198,0.3078777,-0.6677686,0.2799248,-0.5492158,0.1216919
Mexico,2012,-0.4118239,0.3426165,-0.6624542,0.4771238,-0.534087,0.1127453
Mexico,2013,-0.5120105,0.345396,-0.7142238,0.4689431,-0.5444897,0.1083923
Mexico,2014,-0.7617088,0.1962345,-0.8539188,0.4259591,-0.4228251,0.0003161
Mexico,2015,-0.7659356,0.2095713,-0.7986991,0.3577256,-0.447092,-0.0753589
Mexico,2016,-0.7196069,0.1319136,-0.6290694,0.2871219,-0.5562108,-0.069213
Mexico,2017,-0.927987,-0.0299037,-0.715323,0.1962538,-0.5666723,-0.0780927
Mexico,2018,-0.8628517,-0.153388,-0.572437,0.1509804,-0.6737109,-0.0059178
Namibia,1996,0.8087733,0.4316576,0.8547758,0.3607435,0.2514123,0.4962997
Namibia,1998,0.6915627,0.2169358,0.5056883,0.1713381,0.3122133,0.3306871
Namibia,2000,0.5772908,0.1579081,-0.2542268,0.2782966,0.221446,0.3334657
Namibia,2002,0.1140656,0.1412584,0.1452993,0.5160318,0.326638,0.2519395
Namibia,2003,0.2374931,0.2274908,0.4777207,0.2294746,0.315762,0.1865237
Namibia,2004,0.1586243,0.0632703,0.6644658,0.1534386,-0.0028205,0.2745953
Namibia,2005,0.197509,0.02189,0.6252772,0.1201045,-0.0663913,0.3317865
Namibia,2006,0.2430034,0.0887336,0.7829867,0.1181504,0.1205517,0.481321
Namibia,2007,0.3195122,0.0827654,1.018452,-0.0321183,0.1018893,0.4497547
Namibia,2008,0.6075082,0.1828262,1.200234,0.1697315,0.3484189,0.450896
Namibia,2009,0.2950111,0.1159105,0.928174,0.108871,0.1876295,0.3757951
Namibia,2010,0.3374954,0.0661187,0.84694,0.085406,0.1546702,0.3498072
Namibia,2011,0.3063289,0.0540624,0.9116575,0.0454652,0.1318098,0.3407373
Namibia,2012,0.3410326,0.1386618,0.9781043,0.0758575,0.2528461,0.3784391
Namibia,2013,0.3264904,0.1872248,0.95881,0.0850998,0.2669593,0.4002932
Namibia,2014,0.2885298,0.113697,0.6087406,-0.018652,0.1478412,0.5533006
Namibia,2015,0.3193384,0.2481846,0.7331128,-0.0897799,0.1903548,0.5793682
Namibia,2016,0.3328255,0.167302,0.7100897,-0.1359364,0.3626662,0.582215
Namibia,2017,0.3206743,0.2002399,0.6281999,-0.1895842,0.2412407,0.5506617
Namibia,2018,0.3399599,0.106442,0.6537775,-0.052499,0.2449811,0.4862734
Netherlands,1996,2.081898,1.942935,1.525928,1.84106,1.695257,1.557145
Netherlands,1998,2.146907,2.078732,1.594169,1.932362,1.7859,1.562134
Netherlands,2000,2.206632,2.070121,1.760102,2.098008,1.774045,1.543961
Netherlands,2002,2.12271,1.99657,1.306484,1.870408,1.739676,1.469414
Netherlands,2003,2.052378,2.020344,1.162664,1.750716,1.747386,1.526795
Netherlands,2004,1.998249,2.09252,1.017081,1.776129,1.757815,1.696608
Netherlands,2005,1.970572,1.942671,0.9889213,1.655154,1.764358,1.66602
Netherlands,2006,2.050479,1.788718,0.9029117,1.682698,1.783092,1.539821
Netherlands,2007,2.169937,1.728333,0.7785201,1.799105,1.78735,1.523433
Netherlands,2008,2.118235,1.696206,0.8650271,1.775021,1.761363,1.483086
Netherlands,2009,2.134323,1.739726,0.9449179,1.699952,1.814506,1.464389
Netherlands,2010,2.143759,1.729366,0.9407501,1.731538,1.819352,1.450569
Netherlands,2011,2.120604,1.788899,1.113631,1.811241,1.822074,1.537048
Netherlands,2012,2.117599,1.8134,1.187465,1.753006,1.861233,1.605585
Netherlands,2013,2.046002,1.783959,1.143815,1.770449,1.835081,1.566973
Netherlands,2014,1.990494,1.817106,1.045115,1.769266,1.980403,1.547281
Netherlands,2015,1.884297,1.832507,0.9261193,1.799031,1.944192,1.561143
Netherlands,2016,1.913111,1.833539,0.9122675,1.976167,1.89441,1.540276
Netherlands,2017,1.867278,1.851793,0.9209073,2.047448,1.830023,1.569387
Netherlands,2018,2.009026,1.850466,0.8682934,2.01824,1.816361,1.596444
Niger,1996,-0.8655901,-1.169293,0.0263453,-0.9844006,-0.6550144,-1.506182
Niger,1998,-0.97673,-1.030422,-0.3140508,-0.6434876,-0.5590544,-1.294015
Niger,2000,-0.882167,-1.042794,0.1247925,-0.5738533,-0.7234916,-0.1198944
Niger,2002,-0.9945939,-0.8282536,-0.1281258,-0.6775939,-0.6402224,-0.2041683
Niger,2003,-0.9264554,-0.6711459,0.0426696,-0.6144285,-0.5187884,-0.1560306
Niger,2004,-0.8242223,-0.6619204,-0.5061947,-0.5826002,-0.6407094,-0.1902448
Niger,2005,-0.717895,-0.772457,-0.488365,-0.4114659,-0.7069026,-0.2835604
Niger,2006,-0.8477663,-0.7782805,-0.2274929,-0.4932139,-0.590787,-0.3245527
Niger,2007,-0.7518947,-0.7760658,-0.4584392,-0.5021631,-0.5985432,-0.3680814
Niger,2008,-0.7201005,-0.699199,-0.6684192,-0.4236389,-0.6682003,-0.4418941
Niger,2009,-0.610281,-0.6521963,-1.15033,-0.4834641,-0.4786583,-0.737895
Niger,2010,-0.661096,-0.6592782,-1.160745,-0.5173832,-0.4824711,-0.6669648
Niger,2011,-0.6397219,-0.622551,-0.8780045,-0.5308044,-0.3902828,-0.2467294
Niger,2012,-0.6417262,-0.6826633,-1.148131,-0.5946409,-0.6476631,-0.2846276
Niger,2013,-0.6110697,-0.7209283,-1.321799,-0.5633752,-0.6596034,-0.3062896
Niger,2014,-0.6868545,-0.696187,-1.17584,-0.7179123,-0.645744,-0.195137
Niger,2015,-0.6542467,-0.6546196,-1.066546,-0.7289673,-0.5707142,-0.204606
Niger,2016,-0.6442041,-0.6334934,-1.103307,-0.6713569,-0.6610765,-0.4227969
Niger,2017,-0.6633669,-0.7042371,-1.265569,-0.6793114,-0.6809732,-0.4290886
Niger,2018,-0.5798146,-0.7660425,-1.260566,-0.6404533,-0.5802284,-0.5845156
Nigeria,1996,-1.189009,-0.9236356,-1.055459,-0.968231,-1.289723,-1.553702
Nigeria,1998,-1.157752,-1.116363,-0.5863729,-0.9524672,-1.261636,-1.080582
Nigeria,2000,-1.218683,-0.96401,-1.456143,-0.7479506,-1.098872,-0.4812313
Nigeria,2002,-1.431231,-1.026831,-1.625118,-1.21619,-1.40923,-0.6342688
Nigeria,2003,-1.362079,-0.9565855,-1.633998,-1.245469,-1.427206,-0.6622275
Nigeria,2004,-1.341822,-0.9393838,-1.753987,-1.351967,-1.406775,-0.7967616
Nigeria,2005,-1.158724,-0.8927642,-1.667195,-0.7606229,-1.353806,-0.8689434
Nigeria,2006,-1.123634,-0.9713684,-2.034141,-0.9072622,-1.071911,-0.6232978
Nigeria,2007,-1.053003,-1.042838,-2.011331,-0.8890194,-1.065673,-0.76044
Nigeria,2008,-0.8918832,-0.9768379,-1.860629,-0.80224,-1.038765,-0.7356038
Nigeria,2009,-1.031731,-1.214644,-1.995072,-0.7460872,-1.153015,-0.8488722
Nigeria,2010,-1.048915,-1.165138,-2.211123,-0.7274519,-1.157995,-0.7770869
Nigeria,2011,-1.172974,-1.096175,-1.956455,-0.6811808,-1.18154,-0.713411
Nigeria,2012,-1.169128,-0.9964767,-2.042074,-0.7124425,-1.146282,-0.7002199
Nigeria,2013,-1.221261,-0.9920399,-2.088478,-0.659629,-1.11368,-0.6930282
Nigeria,2014,-1.274705,-1.186017,-2.130276,-0.8163823,-1.049235,-0.5867559
Nigeria,2015,-1.079387,-0.9588076,-1.925443,-0.8505214,-0.9616228,-0.3732274
Nigeria,2016,-1.025006,-1.087536,-1.87771,-0.9188931,-1.017249,-0.3201829
Nigeria,2017,-1.076748,-1.012332,-1.998827,-0.8854988,-0.8715386,-0.3408448
Nigeria,2018,-1.04489,-1.022591,-2.1927,-0.8825297,-0.8809231,-0.4079276
Norway,1996,2.138955,1.950876,1.456473,1.531026,1.923315,1.56271
Norway,1998,2.220956,1.984174,1.438815,1.465705,1.995916,1.493819
Norway,2000,2.191578,1.897057,1.53392,1.157422,1.861058,1.526009
Norway,2002,2.170257,1.895618,1.610245,1.264643,1.882416,1.487175
Norway,2003,2.067727,1.89888,1.205565,1.34019,1.920774,1.529246
Norway,2004,1.935271,2.080887,1.197584,1.449231,1.983259,1.704209
Norway,2005,2.010046,1.864108,1.296116,1.479817,1.924565,1.640593
Norway,2006,2.133688,1.879103,1.253358,1.22142,1.979785,1.54218
Norway,2007,1.992581,2.024723,1.145414,1.329298,1.946529,1.549855
Norway,2008,1.906427,1.84209,1.28515,1.372778,1.970247,1.548039
Norway,2009,1.994785,1.841375,1.27541,1.467539,1.881072,1.54888
Norway,2010,2.085211,1.878928,1.332312,1.514319,1.897269,1.595088
Norway,2011,2.149326,1.837559,1.337977,1.609021,1.873944,1.626358
Norway,2012,2.256409,1.909127,1.32747,1.546811,1.958513,1.728163
Norway,2013,2.294475,1.884967,1.352092,1.666547,1.98001,1.737975
Norway,2014,2.226566,1.828457,1.119959,1.646469,2.029048,1.684087
Norway,2015,2.242804,1.864499,1.161716,1.606871,2.011147,1.687913
Norway,2016,2.196583,1.869375,1.200074,1.6979630000000001,2.036334,1.664255
Norway,2017,2.236777,1.983223,1.170228,1.813414,2.020279,1.692235
Norway,2018,2.089907,1.887119,1.153804,1.75844,1.965631,1.732547
Poland,1996,0.7079138,0.6811826,0.8309757,0.7247924,0.767495,1.042701
Poland,1998,0.8196566,0.6851199,0.839139,0.7166154,0.8575056,1.087616
Poland,2000,0.710839,0.6061649,0.3091262,0.7536228,0.7141861,1.075672
Poland,2002,0.4018972,0.5051503,0.7443554,0.7710903,0.7093069,1.08782
Poland,2003,0.4244018,0.5459217,0.5781201,0.7435727,0.5613903,1.012597
Poland,2004,0.1388244,0.4659075,0.1529493,0.8242418,0.4226498,1.016628
Poland,2005,0.2669164,0.4783568,0.3616216,0.8279473,0.4808049,0.9443723
Poland,2006,0.2741507,0.3737843,0.3536567,0.7275952,0.404506,0.8035325
Poland,2007,0.2991638,0.3872338,0.6827373,0.7722009,0.4286534,0.8795024
Poland,2008,0.4613512,0.4732433,0.9104813,0.8322434,0.5465031,0.9534822
Poland,2009,0.4450843,0.5317568,0.9380806,0.9520382,0.6284057,1.026881
Poland,2010,0.4970796,0.640949,1.01733,0.9808911,0.6835747,1.037602
Poland,2011,0.5570222,0.6207488,1.072063,0.9282178,0.766174,1.027628
Poland,2012,0.6632341,0.6756304,1.049479,0.9604836,0.7804115,1.064276
Poland,2013,0.5960163,0.7225148,0.973355,1.04645,0.8194907,0.9981389
Poland,2014,0.635148,0.8273836,0.8429408,1.054908,0.840596,1.105113
Poland,2015,0.6695215,0.7987829,0.8748524,1.000138,0.8020585,1.039736
Poland,2016,0.7391052,0.7065664,0.507242,0.9519957,0.636218,0.8434905
Poland,2017,0.7249848,0.6430409,0.5182467,0.8816792,0.4725602,0.7812342
Poland,2018,0.6414219,0.6626508,0.5450124,0.8819272,0.4278919,0.7238377
Portugal,1996,1.371545,1.27419,1.286603,1.219082,1.286295,1.497633
Portugal,1998,1.294088,1.162669,1.369237,1.136845,1.279453,1.434567
Portugal,2000,1.190105,1.023967,1.397726,0.9643233,1.225493,1.357868
Portugal,2002,1.255313,1.205846,1.438887,1.291456,1.336411,1.304545
Portugal,2003,1.158951,1.166833,1.290926,1.255014,1.309731,1.40958
Portugal,2004,1.143963,1.064095,0.9707719,1.19687,1.24946,1.464911
Portugal,2005,1.069998,1.056517,1.01761,1.280887,1.2349,1.430305
Portugal,2006,1.016922,0.8745383,0.9529556,1.065522,0.98591,1.232662
Portugal,2007,1.036281,0.9007416,0.8218185,1.08139,1.016893,1.231421
Portugal,2008,1.070165,1.085485,0.9884541,1.100412,1.020404,1.201864
Portugal,2009,1.092931,1.156265,0.7876344,0.9914032,1.064921,1.128243
Portugal,2010,1.090371,1.010235,0.717687,0.7198218,1.056598,1.107203
Portugal,2011,1.112964,0.9471941,0.7417393,0.6259704,1.023857,1.107911
Portugal,2012,0.9602379,1.035028,0.7752726,0.8269463,1.065502,1.028528
Portugal,2013,0.9504781,1.230732,0.7487634,0.8041509,1.058802,1.066935
Portugal,2014,0.9476263,0.9885908,0.8062744,0.7499732,1.137531,1.107446
Portugal,2015,0.964725,1.220341,0.9178401,0.9568518,1.146595,1.128678
Portugal,2016,0.9255069,1.209821,0.9740514,0.844399,1.097242,1.15696
Portugal,2017,0.8739432,1.332028,1.118346,0.9087492,1.132149,1.207646
Portugal,2018,0.8498304,1.208909,1.140031,0.8900307,1.140912,1.204607
Rwanda,1996,-0.74514,-1.14968,-1.842792,-1.34093,-1.502152,-1.579203
Rwanda,1998,-0.7195555,-0.877933,-2.034043,-1.057595,-1.3518,-1.411473
Rwanda,2000,-0.6028345,-0.6453785,-1.692821,-1.008388,-1.223147,-1.566324
Rwanda,2002,-0.4185515,-0.90913,-1.65326,-0.7136751,-0.855539,-1.508478
Rwanda,2003,-0.4663844,-0.6945167,-1.112363,-0.7117509,-0.8035703,-1.306903
Rwanda,2004,-0.4406287,-0.5569205,-1.187092,-0.6645405,-0.8192313,-1.349341
Rwanda,2005,-0.6179556,-0.9069124,-1.002252,-0.9752049,-0.9166067,-1.194444
Rwanda,2006,-0.2080816,-0.2541009,-0.6821145,-0.6567397,-0.6754203,-1.222134
Rwanda,2007,-0.0012737,-0.1950561,-0.3583081,-0.6372008,-0.577125,-1.246036
Rwanda,2008,0.0962692,-0.1310468,-0.3239338,-0.5066115,-0.4772869,-1.311892
Rwanda,2009,0.0899276,-0.1503173,-0.5062013,-0.3198239,-0.5009086,-1.291988
Rwanda,2010,0.3536429,-0.0542929,-0.2720939,-0.1971854,-0.3307562,-1.327148
Rwanda,2011,0.3575973,0.0704055,-0.1771178,-0.1439268,-0.3139738,-1.328789
Rwanda,2012,0.5579525,-0.0482539,-0.2306152,-0.0998168,-0.2716595,-1.277657
Rwanda,2013,0.6279649,0.0197235,-0.1109516,0.0066703,-0.1547242,-1.211103
Rwanda,2014,0.7624834,-0.0253321,-0.3134696,0.2464919,0.0568706,-1.111962
Rwanda,2015,0.6357123,-0.0458434,0.0132411,0.2429835,0.050415,-1.135211
Rwanda,2016,0.6441216,0.0981101,-0.0548993,0.1071192,0.1018494,-1.157009
Rwanda,2017,0.6330296,0.2668521,0.0880427,0.1462778,0.1286223,-1.121887
Rwanda,2018,0.5782577,0.2068089,0.1159507,0.0841578,0.1181115,-1.129916
Senegal,1996,-0.1427147,0.0762425,-0.6024987,-0.129939,-0.1815432,0.1084963
Senegal,1998,-0.1497897,-0.1040771,-0.9859346,-0.1459926,3.4e-05,0.0291251
Senegal,2000,-0.076041,-0.1153433,-0.5907232,-0.0974698,0.0334481,0.1998017
Senegal,2002,0.176479,0.0066169,-0.2740706,-0.1659428,0.0656045,0.3806853
Senegal,2003,-0.1573349,-0.2607708,-0.2499797,-0.209492,-0.0605521,0.2666859
Senegal,2004,-0.0501518,-0.1654776,0.0287209,-0.2640057,0.0035158,0.1727969
Senegal,2005,-0.050289,-0.2282515,-0.2044541,-0.2386367,0.0100265,0.0561978
Senegal,2006,-0.3728657,-0.2871803,-0.2640902,-0.3104712,-0.2216022,0.0617268
Senegal,2007,-0.5078148,-0.4743536,-0.2438859,-0.353941,-0.2395411,-0.1817141
Senegal,2008,-0.4978309,-0.1558527,-0.1476973,-0.321682,-0.2803597,-0.2135035
Senegal,2009,-0.4863388,-0.5117806,-0.2043053,-0.2981089,-0.3694252,-0.2690909
Senegal,2010,-0.6379941,-0.5799341,-0.417925,-0.2784313,-0.39864,-0.2677378
Senegal,2011,-0.4963229,-0.4963745,-0.2806022,-0.2141801,-0.4589016,-0.220193
Senegal,2012,-0.2566233,-0.4661634,-0.108322,-0.0812536,-0.2868111,-0.0041891
Senegal,2013,-0.1868612,-0.418516,-0.0607228,-0.047789,-0.2388487,0.0600574
Senegal,2014,0.0556562,-0.4039444,-0.1982231,-0.2196877,-0.0818238,0.2922798
Senegal,2015,0.0590133,-0.4264445,-0.1166648,-0.1575582,-0.1416724,0.2836294
Senegal,2016,-3.23e-06,-0.4539246,-0.2182553,-0.1430723,-0.1065007,0.3692187
Senegal,2017,-0.0891061,-0.3174974,-0.0505645,-0.1474659,-0.14366,0.317083
Senegal,2018,-0.0247014,-0.2678156,-0.0886327,-0.1076691,-0.2080795,0.2396943
Seychelles,1996,0.5459515,0.6449225,1.04893,0.3073625,0.5996001,0.1221467
Seychelles,1998,0.3250741,0.3059201,1.0826,-0.4632938,0.3450358,0.1293614
Seychelles,2000,0.4540175,0.0593204,1.28206,-0.806029,0.4701708,0.0441329
Seychelles,2002,0.3406863,0.1746603,0.9015247,-0.6492646,0.3230955,0.1133403
Seychelles,2003,0.4068457,0.1002949,0.6458404,-0.1209602,0.1112558,0.0756623
Seychelles,2004,0.2735617,0.0435342,0.6568159,-0.8728689,0.1615317,0.323294
Seychelles,2005,0.2304281,0.1449615,0.9332359,-0.0288438,0.0253657,0.1744687
Seychelles,2006,0.1202286,-0.0166655,0.9140252,-0.6226172,-0.0041104,0.0870519
Seychelles,2007,0.1893788,0.0803886,0.7878271,-0.8547176,0.0988078,0.0640959
Seychelles,2008,0.3869213,0.0883821,0.7504724,-0.6558671,0.2219159,-0.0051316
Seychelles,2009,0.427948,0.1320166,0.5989209,-0.5540638,0.0786851,0.0398969
Seychelles,2010,0.4488375,0.2027419,0.8567662,-0.4953183,0.0312937,0.1016565
Seychelles,2011,0.422816,0.2757331,0.9377541,-0.3770286,-0.0115596,0.0178981
Seychelles,2012,0.4179208,0.3952843,0.7442663,-0.2842706,-0.0142718,0.0508296
Seychelles,2013,0.4419724,0.3820674,0.8255889,-0.2841012,0.0717096,0.0200993
Seychelles,2014,0.4380095,0.3607702,0.3616324,-0.3328607,0.1263859,-0.0475149
Seychelles,2015,0.8836091,0.4228553,0.6887798,-0.0918801,0.2010458,0.0801099
Seychelles,2016,0.7761543,0.370023,0.7330045,-0.2591546,0.1508748,0.1581115
Seychelles,2017,0.6810741,0.4147626,0.7931806,-0.1767318,0.102437,0.1903677
Seychelles,2018,0.7026863,0.502284,0.6970197,-0.1489415,0.2000629,0.2116492
Slovak Republic,1996,0.2180543,0.4598627,0.8788438,0.6724221,0.1595635,0.6442215
Slovak Republic,1998,0.0888453,0.5401694,1.179815,0.5132929,0.2229141,0.710791
Slovak Republic,2000,0.2258145,0.6055269,0.6618505,0.5668238,0.342357,0.8486815
Slovak Republic,2002,-0.0066482,0.6015927,0.9390085,0.9591576,0.3171788,0.9764824
Slovak Republic,2003,0.310931,0.7055912,0.9475146,0.9691389,0.3624235,0.9315047
Slovak Republic,2004,0.3941474,0.873967,0.592736,1.144671,0.5164097,0.947525
Slovak Republic,2005,0.4919471,0.9271799,0.8953888,1.161917,0.5449038,0.8999568
Slovak Republic,2006,0.4223817,0.8825375,0.7819173,1.133783,0.5467787,0.9311233
Slovak Republic,2007,0.349663,0.7320563,1.035826,1.021248,0.4927937,0.9474362
Slovak Republic,2008,0.3621189,0.864835,1.08077,1.115403,0.5902709,0.9354531
Slovak Republic,2009,0.2703549,0.8689756,0.9190537,1.050077,0.5397606,0.8762503
Slovak Republic,2010,0.2946005,0.8371224,1.053317,1.00123,0.571119,0.910907
Slovak Republic,2011,0.275088,0.8325479,0.9747573,1.004638,0.6070484,0.965979
Slovak Republic,2012,0.096679,0.8363792,1.088401,1.046938,0.4923032,0.9730169
Slovak Republic,2013,0.083146,0.7891342,1.119518,0.9341252,0.4785463,0.9595503
Slovak Republic,2014,0.1627372,0.8762358,1.039121,0.8897797,0.4960261,0.9595861
Slovak Republic,2015,0.1778616,0.8377234,0.8745452,0.788662,0.5038067,0.9654341
Slovak Republic,2016,0.2291559,0.8940681,0.7211707,0.8890519,0.6468015,0.9607725
Slovak Republic,2017,0.2237696,0.8006557,0.9097863,0.8238245,0.5712293,0.9359443
Slovak Republic,2018,0.3629198,0.7074615,0.7504383,0.8107936,0.5290585,0.878241
Slovenia,1996,1.114188,0.8871602,1.310593,1.090561,1.068723,1.275353
Slovenia,1998,1.212757,0.8256007,1.242043,1.066002,1.258094,1.204611
Slovenia,2000,0.8847986,0.7519338,0.8859531,0.6924266,1.035779,1.107542
Slovenia,2002,0.8068106,0.9180992,1.302581,0.8869246,0.9887834,1.13046
Slovenia,2003,0.9278055,1.080824,1.186497,0.8955325,0.9739602,1.124961
Slovenia,2004,1.033518,0.9227307,1.080859,0.8538088,0.9280055,1.112389
Slovenia,2005,0.9099379,0.8928185,1.091757,0.8854151,0.8933845,1.09229
Slovenia,2006,1.034196,0.96356,1.084757,0.7956023,0.9102269,1.069615
Slovenia,2007,1.009254,0.936191,1.097749,0.7999157,0.9238243,1.062971
Slovenia,2008,0.9819186,1.187827,1.147953,0.8341884,1.008982,1.017365
Slovenia,2009,1.058566,1.154734,0.9348058,0.9156417,1.075426,1.055124
Slovenia,2010,0.9228679,1.026441,0.8665088,0.7612643,1.008394,1.048638
Slovenia,2011,0.9488065,0.9895115,0.9692097,0.6972604,1.052852,1.056918
Slovenia,2012,0.8397469,1.03165,0.9351107,0.63064,1.014999,0.9997781
Slovenia,2013,0.7293216,1.013163,0.8822517,0.6301469,1.000792,1.001897
Slovenia,2014,0.7267765,1.00516,0.9657734,0.6616281,1.001514,0.9561069
Slovenia,2015,0.7729982,0.9724185,0.9533927,0.6263494,0.9745702,0.9868262
Slovenia,2016,0.8229882,1.127259,0.990436,0.6402694,1.082672,1.010171
Slovenia,2017,0.8137993,1.170688,0.8732033,0.5781539,1.023465,1.004898
Slovenia,2018,0.8702175,1.125806,0.9109183,0.6948206,1.058505,0.9910611
South Africa,1996,0.7329274,1.020496,-0.3771695,0.5150138,0.0879292,0.8411385
South Africa,1998,0.6744444,0.6576368,-0.5433837,0.3288262,0.2705576,0.8469778
South Africa,2000,0.6253357,0.7290566,-0.2254847,0.4363826,0.202503,0.7462404
South Africa,2002,0.3545168,0.6730514,-0.2536708,0.6556168,0.1324995,0.6598222
South Africa,2003,0.3545151,0.6926963,-0.3117453,0.8042418,0.1241469,0.700217
South Africa,2004,0.4645096,0.6412201,-0.1313613,0.6582638,0.1139174,0.7157369
South Africa,2005,0.5681056,0.642373,-0.1626052,0.7031338,0.1147512,0.6490104
South Africa,2006,0.4522487,0.4445405,0.0481969,0.6834127,0.255048,0.6516131
South Africa,2007,0.2487841,0.469179,0.2158346,0.4911874,0.0949021,0.5787652
South Africa,2008,0.2112635,0.5094988,0.0497333,0.4988977,0.0725051,0.5756481
South Africa,2009,0.1821967,0.4802645,-0.1132994,0.4075375,0.1239867,0.5705026
South Africa,2010,0.1314679,0.3921409,-0.029427,0.3634101,0.1411756,0.6020697
South Africa,2011,0.061732,0.4053512,0.0240316,0.4067755,0.1524512,0.5908386
South Africa,2012,-0.115579,0.3456312,-0.0253867,0.3817532,0.1104317,0.5821533
South Africa,2013,-0.0700488,0.4382925,-0.0462945,0.4199755,0.1581481,0.6007034
South Africa,2014,-0.0615351,0.3410892,-0.146389,0.2876857,0.1827904,0.6421182
South Africa,2015,0.0251445,0.2918086,-0.2129929,0.2793786,0.0882275,0.650173
South Africa,2016,0.1183915,0.3064397,-0.141504,0.2118435,0.1162312,0.6476842
South Africa,2017,-0.0218271,0.2886106,-0.2775479,0.2331446,-0.0378556,0.6309735
South Africa,2018,-0.021569,0.3403786,-0.2766732,0.171912,-0.1024957,0.6573899
Spain,1996,1.129211,1.620027,0.1777049,1.184066,1.435086,1.319527
Spain,1998,1.399345,1.661105,0.1330224,1.249868,1.343839,1.299595
Spain,2000,1.374994,1.762162,0.4622613,1.291325,1.434407,1.27702
Spain,2002,1.3561,1.84743,0.4438838,1.374277,1.257137,1.274987
Spain,2003,1.393117,1.881454,-0.0449701,1.336925,1.280947,1.270559
Spain,2004,1.35659,1.3527,-0.0880503,1.316545,1.144683,1.323612
Spain,2005,1.336209,1.50673,0.1952135,1.305955,1.127902,1.131404
Spain,2006,1.185721,0.8372024,-0.1502582,1.177149,1.131011,1.078725
Spain,2007,1.086643,0.9933218,-0.2753482,1.21499,1.168316,1.123087
Spain,2008,1.190226,0.9203469,-0.3808494,1.25476,1.193509,1.185326
Spain,2009,1.0622,0.9458322,-0.4737767,1.189271,1.162589,1.176973
Spain,2010,1.084354,0.9947988,-0.3180437,1.160325,1.188944,1.122543
Spain,2011,1.104124,1.027235,0.0211045,1.065844,1.198052,1.085866
Spain,2012,1.128226,1.120682,-0.0295164,0.9529905,1.064827,1.064179
Spain,2013,0.9030925,1.154523,0.0120178,0.9390443,1.020516,0.9888706
Spain,2014,0.6298417,1.159705,0.2431217,0.750495,0.9526442,0.9937256
Spain,2015,0.5839002,1.174035,0.2514912,0.8076367,0.901592,1.044831
Spain,2016,0.5156305,1.115842,0.4131883,1.008604,0.9788248,1.041046
Spain,2017,0.4917679,1.033854,0.2827956,0.9428412,1.00847,1.026823
Spain,2018,0.613507,1.002136,0.2548025,0.9452896,0.9689376,1.064253
Sweden,1996,2.173986,1.921917,1.456473,1.319949,1.795861,1.518391
Sweden,1998,2.22813,1.95586,1.398288,1.217347,1.794924,1.536841
Sweden,2000,2.29683,1.962457,1.392898,1.405465,1.830132,1.573289
Sweden,2002,2.257393,2.026078,1.478318,1.638661,1.876075,1.507784
Sweden,2003,2.20724,2.082848,1.342789,1.642822,1.926438,1.548605
Sweden,2004,2.156202,2.12182,1.362902,1.679736,1.893259,1.739247
Sweden,2005,2.022613,1.892862,1.301027,1.534101,1.809585,1.584473
Sweden,2006,2.196596,1.804315,1.294893,1.439837,1.864799,1.485718
Sweden,2007,2.244637,2.025398,1.271177,1.57208,1.90989,1.510136
Sweden,2008,2.227349,1.956433,1.129976,1.635778,1.931482,1.520167
Sweden,2009,2.253191,2.045359,1.085468,1.652537,1.965965,1.546039
Sweden,2010,2.274587,2.004213,1.09417,1.658656,1.955097,1.542726
Sweden,2011,2.196957,1.965064,1.230688,1.898798,1.941077,1.612955
Sweden,2012,2.312869,1.95701,1.170597,1.907862,1.951555,1.690358
Sweden,2013,2.291621,1.909026,1.127778,1.905513,1.972878,1.65811
Sweden,2014,2.153375,1.803889,1.065415,1.81139,1.992006,1.611089
Sweden,2015,2.241128,1.815902,0.9471064,1.815066,2.037792,1.56531
Sweden,2016,2.19184,1.773643,1.017941,1.854203,2.019034,1.563904
Sweden,2017,2.138935,1.837576,0.9842001,1.798393,1.936157,1.57698
Sweden,2018,2.139578,1.830975,0.9136876,1.800021,1.895983,1.611055
Switzerland,1996,1.986976,1.757081,1.456473,1.557659,1.931552,1.424485
Switzerland,1998,2.10851,1.978873,1.438815,1.705552,1.973348,1.412886
Switzerland,2000,2.114552,2.042147,1.579547,1.859273,1.976893,1.413347
Switzerland,2002,2.113175,2.000211,1.544934,1.783988,1.952487,1.425745
Switzerland,2003,2.06927,1.817973,1.247232,1.716271,1.939255,1.453932
Switzerland,2004,2.008047,2.180724,1.228192,1.647105,1.906983,1.692534
Switzerland,2005,2.019937,1.851264,1.19764,1.551834,1.913729,1.586438
Switzerland,2006,2.093455,2.078077,1.269325,1.495726,1.817233,1.518006
Switzerland,2007,2.150764,2.042494,1.234161,1.644415,1.8457,1.503815
Switzerland,2008,2.124064,2.037171,1.223261,1.561896,1.816634,1.51683
Switzerland,2009,2.070191,1.948745,1.307553,1.551713,1.750544,1.553312
Switzerland,2010,2.072074,1.876344,1.258594,1.623263,1.757034,1.584912
Switzerland,2011,2.035801,1.867497,1.300342,1.621409,1.73154,1.584808
Switzerland,2012,2.14676,1.891962,1.418336,1.65837,1.819054,1.640122
Switzerland,2013,2.13242,1.824577,1.40114,1.628784,1.804692,1.628098
Switzerland,2014,2.151519,2.112258,1.402653,1.806558,1.994928,1.559489
Switzerland,2015,2.136473,1.998052,1.339359,1.741087,1.945174,1.558501
Switzerland,2016,1.988357,2.008593,1.30629,1.911901,1.947542,1.531788
Switzerland,2017,1.989034,2.056261,1.256539,1.883794,1.927894,1.555488
Switzerland,2018,2.00971,2.039621,1.344863,1.780406,1.931222,1.616422
Tanzania,1996,-0.7027624,-0.6878501,-0.6241215,-0.4421453,-0.1862382,-0.6415817
Tanzania,1998,-0.7853448,-0.4514971,-0.405617,-0.3950428,-0.2085511,-0.5163568
Tanzania,2000,-0.8051588,-0.4171183,-0.7022269,-0.2419443,-0.3467303,-0.4722205
Tanzania,2002,-0.8048667,-0.4018779,-0.2524148,-0.545294,-0.3429467,-0.3992592
Tanzania,2003,-0.6782916,-0.3968551,-0.8544957,-0.4974516,-0.2493649,-0.4273277
Tanzania,2004,-0.5605041,-0.4615989,-0.6709332,-0.467266,-0.3558988,-0.5335823
Tanzania,2005,-0.5973649,-0.4113697,-0.5829188,-0.5023046,-0.2792704,-0.3634433
Tanzania,2006,-0.2327513,-0.3844429,-0.3557514,-0.3928336,-0.4421358,-0.2002937
Tanzania,2007,-0.3374165,-0.3966934,-0.3856436,-0.41469,-0.3729367,-0.1424699
Tanzania,2008,-0.4170312,-0.492632,-0.228036,-0.5074317,-0.3487118,-0.1662126
Tanzania,2009,-0.4454531,-0.5992887,0.0891499,-0.4425703,-0.4803365,-0.1603087
Tanzania,2010,-0.5352294,-0.5974768,0.0144716,-0.4232683,-0.4856119,-0.1308912
Tanzania,2011,-0.5917395,-0.6516141,-0.0241335,-0.4188805,-0.5114937,-0.1414839
Tanzania,2012,-0.7569411,-0.6914189,0.0514543,-0.3926336,-0.5293741,-0.1760137
Tanzania,2013,-0.7741532,-0.7097701,-0.1621208,-0.3290884,-0.4729642,-0.2037866
Tanzania,2014,-0.7544573,-0.6550456,-0.5971186,-0.3316137,-0.3951241,-0.1922616
Tanzania,2015,-0.6878198,-0.6019729,-0.4161943,-0.3749183,-0.3717657,-0.2217783
Tanzania,2016,-0.5069014,-0.5456084,-0.4409948,-0.4353084,-0.3767008,-0.2237958
Tanzania,2017,-0.4630897,-0.6340906,-0.561863,-0.579317,-0.4450063,-0.2783239
Tanzania,2018,-0.4479853,-0.7562658,-0.5591016,-0.6128686,-0.554994,-0.364481
Togo,1996,-0.8426208,-0.6885879,-0.3770039,-0.3910797,-0.7312496,-0.9862416
Togo,1998,-0.7959197,-0.8860267,-0.6148763,-0.4379479,-0.7275118,-1.124889
Togo,2000,-0.7603036,-1.144301,-0.2943957,-0.6073071,-0.7018173,-1.12596
Togo,2002,-0.8126608,-1.275907,0.0544754,-0.6879103,-0.7837297,-1.383553
Togo,2003,-0.9153492,-1.425126,-0.1867527,-0.6434662,-0.9295806,-1.180869
Togo,2004,-0.9592494,-1.553384,-0.3156599,-0.7633483,-1.11496,-1.231241
Togo,2005,-0.8747956,-1.442014,-1.446407,-0.7914191,-1.079883,-1.221733
Togo,2006,-1.039965,-1.535074,-0.528969,-0.8759041,-0.9426323,-1.195147
Togo,2007,-0.9900438,-1.533087,-0.3408129,-0.9354221,-0.9231722,-1.067694
Togo,2008,-0.9731315,-1.496573,-0.1695216,-0.954002,-0.8251987,-0.9882196
Togo,2009,-1.018094,-1.377884,-0.1650247,-0.8632654,-0.8823795,-0.9785588
Togo,2010,-0.9596605,-1.389187,-0.1793484,-0.8803849,-0.9222333,-0.9520397
Togo,2011,-1.009964,-1.3666,-0.1625985,-0.9978567,-0.878151,-0.9037215
Togo,2012,-1.000225,-1.314133,-0.3864578,-0.8441291,-0.9280179,-0.9958094
Togo,2013,-1.026878,-1.294959,-0.3537108,-0.9222642,-0.9734945,-0.9044718
Togo,2014,-0.8932849,-1.249514,-0.1671269,-0.8202626,-0.8572161,-0.7664886
Togo,2015,-0.7238495,-1.193058,-0.2313481,-0.8177804,-0.7994739,-0.7007869
Togo,2016,-0.6773949,-1.068534,-0.1723536,-0.7933024,-0.6335543,-0.5458997
Togo,2017,-0.7109718,-1.124991,-0.8819118,-0.7898968,-0.7154902,-0.6239609
Togo,2018,-0.7275374,-1.057791,-0.9817027,-0.6506074,-0.5908715,-0.7431359
Turkey,1996,-0.1480735,-0.0761272,-1.255755,0.1035786,-0.1387948,-0.1297603
Turkey,1998,-0.2964204,-0.2648129,-1.228987,0.5047144,-0.0633127,-0.6159341
Turkey,2000,-0.1972148,0.0112807,-0.8001983,0.3504823,-0.0117943,-0.2891998
Turkey,2002,-0.5218159,0.0831476,-0.8085832,0.1009366,-0.0273652,-0.2195705
Turkey,2003,-0.1838556,0.0522938,-0.7669207,0.0437174,0.1510643,-0.0332708
Turkey,2004,-0.1751383,0.0088391,-0.834218,0.0578256,0.1262435,0.0132019
Turkey,2005,-0.0313143,0.1542038,-0.6015393,0.2773776,0.1597313,0.0002338
Turkey,2006,0.0273459,0.1200856,-0.5896572,0.2891251,0.0482519,-0.0640953
Turkey,2007,0.1052756,0.3065605,-0.8175476,0.3172911,0.021233,-0.0533246
Turkey,2008,0.1123597,0.2686568,-0.8235704,0.2593855,0.0830613,-0.0412864
Turkey,2009,0.0877801,0.2779772,-1.031842,0.2801023,0.1048895,-0.0555225
Turkey,2010,0.0292634,0.2949708,-0.9152855,0.2986633,0.1106539,-0.0848207
Turkey,2011,0.0442165,0.3486361,-0.9599971,0.3703377,0.0747821,-0.1368507
Turkey,2012,0.1577393,0.4085236,-1.220532,0.4200954,0.0363039,-0.2069335
Turkey,2013,0.0922462,0.3812184,-1.249933,0.429084,0.0669589,-0.2513264
Turkey,2014,-0.1479384,0.3652422,-1.086036,0.3994922,0.0051234,-0.3384197
Turkey,2015,-0.1543817,0.222985,-1.493914,0.2708806,-0.1130232,-0.36772
Turkey,2016,-0.1915608,0.0484783,-2.009063,0.1961425,-0.2086442,-0.6089115
Turkey,2017,-0.193241,0.0767119,-1.788224,0.0351406,-0.25018,-0.7074901
Turkey,2018,-0.3353838,0.0060968,-1.328783,-0.0474772,-0.3192984,-0.8329394
Uganda,1996,-0.7237571,-0.6878501,-1.528672,-0.0254243,-0.5803903,-0.8918072
Uganda,1998,-0.8898923,-0.3989716,-1.101934,0.1970407,-0.5284762,-0.8558782
Uganda,2000,-0.8738403,-0.4012285,-1.247658,0.0551188,-0.7861758,-0.993295
Uganda,2002,-0.9083948,-0.4381391,-1.418792,-0.0368938,-0.6100843,-0.930504
Uganda,2003,-0.8139555,-0.3801131,-1.561003,-0.0360671,-0.4921862,-0.7024573
Uganda,2004,-0.7794363,-0.3913794,-1.305026,-0.0266634,-0.6303878,-0.7244241
Uganda,2005,-0.8235874,-0.5569747,-1.417637,-0.2744117,-0.5808566,-0.597284
Uganda,2006,-0.7859881,-0.5415385,-1.140198,-0.2414692,-0.3265081,-0.4453833
Uganda,2007,-0.8213381,-0.4323176,-0.9151093,-0.2207041,-0.3595873,-0.4860639
Uganda,2008,-0.8326218,-0.5836249,-0.8762574,-0.2322885,-0.3514538,-0.5099347
Uganda,2009,-0.901867,-0.6237722,-0.9924353,-0.175511,-0.4143902,-0.5091616
Uganda,2010,-0.9175547,-0.5250553,-1.000558,-0.1725371,-0.3979646,-0.5183923
Uganda,2011,-0.9205488,-0.5155811,-0.9761018,-0.1569812,-0.3606754,-0.5254045
Uganda,2012,-0.9884557,-0.5700184,-0.8689665,-0.2389865,-0.348162,-0.4935461
Uganda,2013,-1.042657,-0.5859425,-0.8386906,-0.2439245,-0.341282,-0.5519767
Uganda,2014,-1.085041,-0.5014763,-0.9411262,-0.2150176,-0.3883801,-0.5849968
Uganda,2015,-1.051651,-0.4846786,-0.8045017,-0.2619876,-0.3902235,-0.5670033
Uganda,2016,-1.056744,-0.5712523,-0.7153227,-0.2131466,-0.2511764,-0.6500137
Uganda,2017,-1.042315,-0.5775861,-0.5715618,-0.2224542,-0.2958432,-0.5888596
Uganda,2018,-1.037357,-0.6060399,-0.6914156,-0.25123,-0.294705,-0.6666496
United Arab Emirates,1996,-0.0055791,0.7766396,0.9631225,0.6943053,0.688414,
United Arab Emirates,1998,0.0512062,0.7941078,0.8711713,0.6224758,0.7459976,
United Arab Emirates,2000,0.1169043,0.7914957,0.9751094,0.7285935,0.6768382,
United Arab Emirates,2002,1.146778,0.8454782,0.9348471,1.120548,0.726275,
United Arab Emirates,2003,0.8603278,0.5811338,0.9950167,0.6716169,0.5707978,
United Arab Emirates,2004,1.057324,0.6989811,0.769014,0.8015861,0.4443081,
United Arab Emirates,2005,0.998801,0.7105103,0.875833,0.6541783,0.398343,
United Arab Emirates,2006,0.8932872,0.9438545,0.9235386,0.6254781,0.3199202,
United Arab Emirates,2007,1.013516,0.9238287,0.9753823,0.609858,0.2850381,
United Arab Emirates,2008,1.082439,0.8766494,0.6969049,0.5673463,0.4243076,
United Arab Emirates,2009,0.9129345,0.9909846,0.9208406,0.4445139,0.4048463,
United Arab Emirates,2010,0.8962536,0.8979611,0.8017579,0.3202247,0.3230195,
United Arab Emirates,2011,1.077532,1.055263,0.9121757,0.4492406,0.5047757,
United Arab Emirates,2012,1.163516,1.14961,0.8632514,0.6762518,0.5395103,
United Arab Emirates,2013,1.280844,1.176368,0.8947922,0.7807333,0.6190236,
United Arab Emirates,2014,1.203578,1.435521,0.7689089,0.9920538,0.6522272,
United Arab Emirates,2015,1.071927,1.509608,0.7595454,1.111059,0.6408681,
United Arab Emirates,2016,1.171709,1.415928,0.5647489,0.9725956,0.849041,
United Arab Emirates,2017,1.133604,1.41558,0.6184914,1.012775,0.7976695,
United Arab Emirates,2018,1.151608,1.431291,0.7432382,0.9316171,0.8064476,
United Kingdom,1996,1.980519,1.882196,0.981751,2.020525,1.628734,
United Kingdom,1998,2.109126,1.932944,0.9303461,2.047205,1.776347,
United Kingdom,2000,2.139308,1.848113,1.035285,1.873088,1.696059,
United Kingdom,2002,2.055666,1.840956,0.6790819,1.757973,1.683822,
United Kingdom,2003,2.039183,1.810524,0.272854,1.680367,1.704882,
United Kingdom,2004,1.933308,1.889605,0.1425719,1.736755,1.62652,
United Kingdom,2005,1.901079,1.766596,0.1267411,1.614293,1.569473,
United Kingdom,2006,1.792327,1.670994,0.6691801,1.839874,1.785749,
United Kingdom,2007,1.742208,1.648174,0.5753913,1.866609,1.737427,
United Kingdom,2008,1.682487,1.643775,0.4946935,1.785171,1.708199,
United Kingdom,2009,1.632727,1.512003,0.1215835,1.584341,1.738985,
United Kingdom,2010,1.604827,1.568379,0.4118182,1.732978,1.764103,
United Kingdom,2011,1.616091,1.558901,0.3517076,1.655506,1.650691,
United Kingdom,2012,1.674153,1.547542,0.4022707,1.645116,1.718676,
United Kingdom,2013,1.699135,1.495451,0.4862014,1.77062,1.705038,
United Kingdom,2014,1.738478,1.62673,0.4153476,1.825786,1.889571,
United Kingdom,2015,1.876371,1.743745,0.5177479,1.845658,1.81306,
United Kingdom,2016,1.898977,1.601618,0.3604541,1.760709,1.691507,
United Kingdom,2017,1.843343,1.414133,0.3315471,1.714478,1.679469,
United Kingdom,2018,1.826577,1.341884,0.0487175,1.761863,1.638637,
United States,1996,1.571041,1.52492,0.9357751,1.593102,1.500219,
United States,1998,1.596428,1.764996,0.8798105,1.673596,1.608029,
United States,2000,1.657759,1.802651,1.084508,1.760756,1.592754,
United States,2002,1.924038,1.6802,0.287509,1.599691,1.547646,
United States,2003,1.755439,1.602976,0.0812887,1.60109,1.590775,
United States,2004,1.832575,1.761568,-0.2313482,1.570001,1.435955,
United States,2005,1.545693,1.536153,-0.0586535,1.607815,1.539517,
United States,2006,1.353316,1.58617,0.4939433,1.64107,1.605403,
United States,2007,1.385467,1.649809,0.3757299,1.492916,1.627855,
United States,2008,1.450212,1.613998,0.5852239,1.532345,1.640027,
United States,2009,1.294352,1.506894,0.4484303,1.400837,1.59849,
United States,2010,1.271479,1.557596,0.4384039,1.446141,1.638103,
United States,2011,1.269101,1.519567,0.5912473,1.46089,1.600044,
United States,2012,1.41072,1.529326,0.6324421,1.300954,1.627279,
United States,2013,1.313262,1.523666,0.6430726,1.268006,1.557241,
United States,2014,1.376068,1.467586,0.5824196,1.281425,1.610473,
United States,2015,1.396935,1.463522,0.6780624,1.256155,1.596108,
United States,2016,1.373532,1.476793,0.4023029,1.497076,1.617996,
United States,2017,1.381242,1.554298,0.3355527,1.628115,1.644761,
United States,2018,1.323218,1.576998,0.4774609,1.577987,1.453255,
Zambia,1996,-0.8406407,-1.128376,-0.1592631,-0.4827037,-0.5317154,
Zambia,1998,-0.7731454,-0.8692511,0.2195339,-0.1084994,-0.3708849,
Zambia,2000,-0.7157777,-0.8783184,0.0339033,-0.2592472,-0.4819241,
Zambia,2002,-0.7307748,-0.7786959,-0.2788045,-0.5988599,-0.3107055,
Zambia,2003,-0.5969002,-0.8375805,0.2177056,-0.5518124,-0.3904316,
Zambia,2004,-0.5916286,-0.8669491,0.1895772,-0.5432987,-0.489625,
Zambia,2005,-0.5917786,-0.9352286,0.1050498,-0.7349188,-0.5200992,
Zambia,2006,-0.5515967,-0.8524404,0.3625001,-0.6243531,-0.5396251,
Zambia,2007,-0.4050106,-0.7241114,0.3634163,-0.4928786,-0.5252391,
Zambia,2008,-0.3910125,-0.7344369,0.4698419,-0.4648499,-0.4080009,
Zambia,2009,-0.4610739,-0.8076773,0.5683178,-0.5274447,-0.4755372,
Zambia,2010,-0.5060785,-0.8508871,0.5153514,-0.4962905,-0.4902453,
Zambia,2011,-0.3963221,-0.6594403,0.5097738,-0.4388662,-0.4564317,
Zambia,2012,-0.2842946,-0.4761798,0.6609625,-0.4266993,-0.365196,
Zambia,2013,-0.3067903,-0.4925183,0.4359333,-0.4740081,-0.2675617,
Zambia,2014,-0.3422427,-0.4995747,0.156212,-0.5034276,-0.236549,
Zambia,2015,-0.3412615,-0.5556649,0.1516949,-0.4365156,-0.229715,
Zambia,2016,-0.401866,-0.6600587,0.142808,-0.4835931,-0.30044,
Zambia,2017,-0.5422128,-0.6275681,0.1461797,-0.4661042,-0.3250459,
Zambia,2018,-0.6561365,-0.5592093,0.1419944,-0.4426115,-0.3449385,
